-- MySQL dump 10.13  Distrib 8.0.30, for Win64 (x86_64)
--
-- Host: localhost    Database: supermarkets
-- ------------------------------------------------------
-- Server version	8.0.30

/*!40101 SET @OLD_CHARACTER_SET_CLIENT=@@CHARACTER_SET_CLIENT */;
/*!40101 SET @OLD_CHARACTER_SET_RESULTS=@@CHARACTER_SET_RESULTS */;
/*!40101 SET @OLD_COLLATION_CONNECTION=@@COLLATION_CONNECTION */;
/*!50503 SET NAMES utf8 */;
/*!40103 SET @OLD_TIME_ZONE=@@TIME_ZONE */;
/*!40103 SET TIME_ZONE='+00:00' */;
/*!40014 SET @OLD_UNIQUE_CHECKS=@@UNIQUE_CHECKS, UNIQUE_CHECKS=0 */;
/*!40014 SET @OLD_FOREIGN_KEY_CHECKS=@@FOREIGN_KEY_CHECKS, FOREIGN_KEY_CHECKS=0 */;
/*!40101 SET @OLD_SQL_MODE=@@SQL_MODE, SQL_MODE='NO_AUTO_VALUE_ON_ZERO' */;
/*!40111 SET @OLD_SQL_NOTES=@@SQL_NOTES, SQL_NOTES=0 */;

--
-- Table structure for table `bill`
--

DROP TABLE IF EXISTS `bill`;
/*!40101 SET @saved_cs_client     = @@character_set_client */;
/*!50503 SET character_set_client = utf8mb4 */;
CREATE TABLE `bill` (
  `bill_id` int NOT NULL AUTO_INCREMENT,
  `store_id` int NOT NULL,
  `registered_phone` varchar(12) DEFAULT NULL,
  `bill_date` datetime NOT NULL,
  PRIMARY KEY (`bill_id`),
  KEY `store_id` (`store_id`),
  KEY `registered_phone` (`registered_phone`),
  CONSTRAINT `bill_ibfk_1` FOREIGN KEY (`store_id`) REFERENCES `store` (`store_id`),
  CONSTRAINT `bill_ibfk_2` FOREIGN KEY (`registered_phone`) REFERENCES `registered_customer` (`phone_no`)
) ENGINE=InnoDB AUTO_INCREMENT=181 DEFAULT CHARSET=utf8mb4 COLLATE=utf8mb4_0900_ai_ci;
/*!40101 SET character_set_client = @saved_cs_client */;

--
-- Dumping data for table `bill`
--

LOCK TABLES `bill` WRITE;
/*!40000 ALTER TABLE `bill` DISABLE KEYS */;
INSERT INTO `bill` VALUES (1,26,NULL,'2022-01-02 00:00:00'),(2,79,'101-797-7932','2022-01-04 00:00:00'),(3,63,'289-659-0900','2022-01-08 00:00:00'),(4,34,'931-615-0109','2022-01-08 00:00:00'),(5,66,NULL,'2022-01-21 00:00:00'),(6,94,'511-559-8089','2022-01-21 00:00:00'),(7,68,'665-589-9874','2022-01-25 00:00:00'),(8,93,'468-251-1168','2022-01-26 00:00:00'),(9,71,NULL,'2022-01-27 00:00:00'),(10,80,'593-179-0185','2022-01-28 00:00:00'),(11,83,'429-160-4258','2022-01-31 00:00:00'),(12,6,'157-465-9119','2022-02-01 00:00:00'),(13,66,'914-361-2445','2022-02-01 00:00:00'),(14,84,'973-942-4023','2022-02-04 00:00:00'),(15,51,NULL,'2022-02-05 00:00:00'),(16,3,NULL,'2022-02-06 00:00:00'),(17,77,NULL,'2022-02-07 00:00:00'),(18,51,NULL,'2022-02-07 00:00:00'),(19,41,NULL,'2022-02-07 00:00:00'),(20,65,'770-793-3335','2022-02-08 00:00:00'),(21,48,'798-588-0360','2022-02-10 00:00:00'),(22,74,NULL,'2022-02-11 00:00:00'),(23,22,'313-341-1957','2022-02-14 00:00:00'),(24,96,'727-679-4180','2022-02-18 00:00:00'),(25,63,'914-361-2445','2022-02-19 00:00:00'),(26,65,'317-480-6751','2022-02-24 00:00:00'),(27,95,NULL,'2022-02-24 00:00:00'),(28,14,'165-760-8608','2022-02-25 00:00:00'),(29,13,'892-293-3882','2022-02-26 00:00:00'),(30,40,NULL,'2022-02-27 00:00:00'),(31,89,'535-679-0206','2022-02-28 00:00:00'),(32,57,'567-308-5799','2022-03-05 00:00:00'),(33,41,'829-798-6028','2022-03-05 00:00:00'),(34,10,'468-251-1168','2022-03-07 00:00:00'),(35,86,'829-798-6028','2022-03-07 00:00:00'),(36,65,NULL,'2022-03-11 00:00:00'),(37,75,NULL,'2022-03-13 00:00:00'),(38,83,'914-361-2445','2022-03-20 00:00:00'),(39,42,NULL,'2022-03-20 00:00:00'),(40,55,NULL,'2022-03-22 00:00:00'),(41,35,NULL,'2022-03-22 00:00:00'),(42,48,'124-614-1190','2022-03-27 00:00:00'),(43,60,'892-293-3882','2022-03-28 00:00:00'),(44,4,'829-798-6028','2022-03-28 00:00:00'),(45,96,NULL,'2022-03-30 00:00:00'),(46,22,'491-476-3583','2022-03-31 00:00:00'),(47,23,NULL,'2022-04-01 00:00:00'),(48,20,'496-460-4981','2022-04-04 00:00:00'),(49,97,'829-798-6028','2022-04-04 00:00:00'),(50,49,NULL,'2022-04-05 00:00:00'),(51,14,NULL,'2022-04-06 00:00:00'),(52,63,'655-580-3191','2022-04-09 00:00:00'),(53,59,'829-798-6028','2022-04-10 00:00:00'),(54,77,'842-917-1854','2022-04-10 00:00:00'),(55,17,NULL,'2022-04-11 00:00:00'),(56,54,'829-798-6028','2022-04-12 00:00:00'),(57,16,NULL,'2022-04-12 00:00:00'),(58,82,'798-588-0360','2022-04-13 00:00:00'),(59,60,'496-460-4981','2022-04-13 00:00:00'),(60,24,'338-146-9836','2022-04-14 00:00:00'),(61,18,NULL,'2022-04-14 00:00:00'),(62,52,NULL,'2022-04-16 00:00:00'),(63,89,'224-847-5336','2022-04-19 00:00:00'),(64,22,'511-192-3310','2022-04-24 00:00:00'),(65,60,'522-480-1595','2022-04-26 00:00:00'),(66,77,NULL,'2022-04-28 00:00:00'),(67,20,'435-258-5616','2022-05-02 00:00:00'),(68,76,'165-760-8608','2022-05-04 00:00:00'),(69,76,NULL,'2022-05-07 00:00:00'),(70,43,'578-153-7721','2022-05-08 00:00:00'),(71,81,NULL,'2022-05-09 00:00:00'),(72,37,'511-192-3310','2022-05-12 00:00:00'),(73,20,'120-180-7324','2022-05-13 00:00:00'),(74,94,NULL,'2022-05-14 00:00:00'),(75,16,'890-898-9461','2022-05-15 00:00:00'),(76,22,NULL,'2022-05-15 00:00:00'),(77,72,'661-417-5593','2022-05-18 00:00:00'),(78,23,'765-206-6834','2022-05-18 00:00:00'),(79,49,NULL,'2022-05-20 00:00:00'),(80,49,NULL,'2022-05-21 00:00:00'),(81,61,NULL,'2022-05-22 00:00:00'),(82,41,'891-873-0314','2022-05-24 00:00:00'),(83,55,'850-694-6973','2022-05-25 00:00:00'),(84,87,NULL,'2022-05-28 00:00:00'),(85,35,'157-465-9119','2022-05-28 00:00:00'),(86,25,'973-942-4023','2022-05-29 00:00:00'),(87,18,'376-856-5298','2022-05-30 00:00:00'),(88,8,'567-308-5799','2022-06-04 00:00:00'),(89,74,'928-957-2085','2022-06-04 00:00:00'),(90,47,NULL,'2022-06-06 00:00:00'),(91,45,'567-308-5799','2022-06-07 00:00:00'),(92,86,'892-293-3882','2022-06-07 00:00:00'),(93,82,'945-546-0194','2022-06-08 00:00:00'),(94,68,'447-255-4996','2022-06-10 00:00:00'),(95,35,NULL,'2022-06-11 00:00:00'),(96,61,'435-258-5616','2022-06-14 00:00:00'),(97,82,'289-659-0900','2022-06-16 00:00:00'),(98,24,NULL,'2022-06-17 00:00:00'),(99,24,'429-160-4258','2022-06-22 00:00:00'),(100,1,NULL,'2022-06-23 00:00:00'),(101,89,NULL,'2022-06-26 00:00:00'),(102,96,'496-460-4981','2022-06-27 00:00:00'),(103,97,NULL,'2022-06-28 00:00:00'),(104,31,'201-447-9644','2022-06-30 00:00:00'),(105,76,NULL,'2022-07-01 00:00:00'),(106,62,'325-398-2050','2022-07-02 00:00:00'),(107,66,'165-760-8608','2022-07-03 00:00:00'),(108,53,'226-601-7865','2022-07-04 00:00:00'),(109,66,'583-908-4725','2022-07-06 00:00:00'),(110,91,'201-447-9644','2022-07-06 00:00:00'),(111,56,'535-679-0206','2022-07-07 00:00:00'),(112,48,'405-846-1780','2022-07-08 00:00:00'),(113,69,NULL,'2022-07-09 00:00:00'),(114,4,NULL,'2022-07-09 00:00:00'),(115,94,'473-403-4260','2022-07-14 00:00:00'),(116,16,NULL,'2022-07-16 00:00:00'),(117,70,NULL,'2022-07-21 00:00:00'),(118,55,'665-589-9874','2022-07-25 00:00:00'),(119,81,NULL,'2022-07-29 00:00:00'),(120,24,'821-610-6703','2022-08-04 00:00:00'),(121,25,'932-929-0611','2022-08-06 00:00:00'),(122,96,NULL,'2022-08-06 00:00:00'),(123,74,'313-341-1957','2022-08-07 00:00:00'),(124,20,NULL,'2022-08-08 00:00:00'),(125,2,NULL,'2022-08-08 00:00:00'),(126,6,'770-793-3335','2022-08-10 00:00:00'),(127,1,NULL,'2022-08-14 00:00:00'),(128,79,NULL,'2022-08-22 00:00:00'),(129,19,'850-694-6973','2022-08-23 00:00:00'),(130,12,NULL,'2022-08-28 00:00:00'),(131,69,'788-666-8094','2022-08-29 00:00:00'),(132,98,NULL,'2022-09-01 00:00:00'),(133,21,'798-588-0360','2022-09-01 00:00:00'),(134,30,NULL,'2022-09-06 00:00:00'),(135,84,'655-580-3191','2022-09-07 00:00:00'),(136,19,'188-251-7372','2022-09-09 00:00:00'),(137,39,NULL,'2022-09-10 00:00:00'),(138,31,'209-687-2028','2022-09-13 00:00:00'),(139,51,'952-386-5704','2022-09-15 00:00:00'),(140,82,'325-398-2050','2022-09-21 00:00:00'),(141,28,'777-170-1583','2022-09-22 00:00:00'),(142,12,'325-398-2050','2022-09-29 00:00:00'),(143,25,'106-704-4900','2022-09-30 00:00:00'),(144,88,NULL,'2022-10-02 00:00:00'),(145,7,'578-153-7721','2022-10-02 00:00:00'),(146,58,'788-666-8094','2022-10-03 00:00:00'),(147,94,'255-110-8913','2022-10-06 00:00:00'),(148,24,'367-688-6030','2022-10-06 00:00:00'),(149,5,'405-846-1780','2022-10-08 00:00:00'),(150,45,'806-866-7766','2022-10-10 00:00:00'),(151,39,'376-856-5298','2022-10-16 00:00:00'),(152,67,NULL,'2022-10-17 00:00:00'),(153,77,NULL,'2022-10-17 00:00:00'),(154,68,'684-768-3097','2022-10-19 00:00:00'),(155,10,'931-615-0109','2022-10-20 00:00:00'),(156,16,'354-336-7964','2022-10-23 00:00:00'),(157,95,'765-206-6834','2022-10-24 00:00:00'),(158,69,'522-480-1595','2022-10-25 00:00:00'),(159,69,'748-463-4747','2022-10-26 00:00:00'),(160,34,'931-615-0109','2022-10-28 00:00:00'),(161,21,NULL,'2022-11-03 00:00:00'),(162,68,'665-589-9874','2022-11-04 00:00:00'),(163,9,NULL,'2022-11-05 00:00:00'),(164,35,'486-384-0415','2022-11-06 00:00:00'),(165,43,NULL,'2022-11-10 00:00:00'),(166,17,'435-258-5616','2022-11-10 00:00:00'),(167,27,'829-798-6028','2022-11-10 00:00:00'),(168,60,'821-610-6703','2022-11-10 00:00:00'),(169,58,'491-476-3583','2022-11-11 00:00:00'),(170,39,NULL,'2022-11-13 00:00:00'),(171,31,NULL,'2022-11-13 00:00:00'),(172,15,NULL,'2022-11-15 00:00:00'),(173,42,'593-179-0185','2022-11-15 00:00:00'),(174,1,'619-877-9208','2022-11-15 00:00:00'),(175,27,'535-679-0206','2022-11-15 00:00:00'),(176,50,'522-480-1595','2022-11-17 00:00:00'),(177,86,NULL,'2022-11-17 00:00:00'),(178,30,'188-251-7372','2022-11-18 00:00:00'),(179,28,'837-379-0229','2022-11-20 00:00:00'),(180,4,'867-634-6426','2022-11-26 00:00:00');
/*!40000 ALTER TABLE `bill` ENABLE KEYS */;
UNLOCK TABLES;

--
-- Table structure for table `bill_items`
--

DROP TABLE IF EXISTS `bill_items`;
/*!40101 SET @saved_cs_client     = @@character_set_client */;
/*!50503 SET character_set_client = utf8mb4 */;
CREATE TABLE `bill_items` (
  `bill_id` int NOT NULL,
  `item_id` int NOT NULL,
  `quantity` int NOT NULL,
  `unit_price` decimal(6,2) NOT NULL,
  `discount_amount` decimal(6,2) NOT NULL,
  `net_price` decimal(10,2) NOT NULL,
  PRIMARY KEY (`bill_id`,`item_id`),
  KEY `store_id` (`item_id`),
  CONSTRAINT `bill_items_ibfk_1` FOREIGN KEY (`bill_id`) REFERENCES `bill` (`bill_id`)
) ENGINE=InnoDB DEFAULT CHARSET=utf8mb4 COLLATE=utf8mb4_0900_ai_ci;
/*!40101 SET character_set_client = @saved_cs_client */;

--
-- Dumping data for table `bill_items`
--

LOCK TABLES `bill_items` WRITE;
/*!40000 ALTER TABLE `bill_items` DISABLE KEYS */;
INSERT INTO `bill_items` VALUES (1,7,4,8.60,0.00,0.00),(1,29,1,18.17,0.00,0.00),(1,38,5,18.64,0.00,0.00),(1,42,2,3.74,0.00,0.00),(1,172,5,2.57,0.00,0.00),(1,202,3,16.97,0.00,0.00),(1,259,2,3.58,0.00,0.00),(1,265,3,8.16,0.00,0.00),(1,292,3,8.63,0.00,0.00),(3,113,1,1.20,0.00,0.00),(3,139,1,11.35,0.00,0.00),(4,31,2,10.29,0.00,0.00),(4,83,3,2.71,0.00,0.00),(4,282,5,6.61,0.00,0.00),(5,12,5,15.34,0.00,0.00),(5,77,1,12.76,0.00,0.00),(5,118,4,24.70,0.00,0.00),(5,139,1,23.52,0.00,0.00),(5,157,4,8.11,0.00,0.00),(5,177,1,17.05,0.00,0.00),(5,278,5,9.93,0.00,0.00),(5,293,3,17.53,0.00,0.00),(6,52,3,24.17,0.00,0.00),(6,129,5,5.37,0.00,0.00),(6,222,2,15.20,0.00,0.00),(6,249,5,4.04,0.00,0.00),(6,282,4,6.87,0.00,0.00),(7,82,4,1.43,0.00,0.00),(8,6,5,18.73,0.00,0.00),(8,9,2,24.13,0.00,0.00),(8,21,2,16.48,0.00,0.00),(8,28,1,17.81,0.00,0.00),(8,126,3,9.66,0.00,0.00),(8,252,5,16.67,0.00,0.00),(9,13,5,10.41,0.00,0.00),(9,117,5,13.53,0.00,0.00),(9,238,2,10.57,0.00,0.00),(10,119,4,13.86,0.00,0.00),(10,170,2,7.80,0.00,0.00),(10,179,4,18.82,0.00,0.00),(10,193,4,8.18,0.00,0.00),(11,16,5,5.17,0.00,0.00),(11,51,2,9.39,0.00,0.00),(11,53,5,5.26,0.00,0.00),(11,79,5,22.03,0.00,0.00),(11,101,4,24.71,0.00,0.00),(11,106,3,9.54,0.00,0.00),(11,140,4,21.74,0.00,0.00),(11,267,4,5.78,0.00,0.00),(11,297,1,3.15,0.00,0.00),(12,25,5,6.19,0.00,0.00),(12,46,2,20.84,0.00,0.00),(12,73,3,9.73,0.00,0.00),(12,141,5,13.62,0.00,0.00),(12,178,2,18.06,0.00,0.00),(12,192,3,3.58,0.00,0.00),(12,229,3,2.44,0.00,0.00),(12,232,2,18.54,0.00,0.00),(12,261,1,24.51,0.00,0.00),(12,303,1,21.63,0.00,0.00),(13,12,5,15.34,0.00,0.00),(13,33,5,8.28,0.00,0.00),(13,37,5,9.84,0.00,0.00),(13,97,1,1.10,0.00,0.00),(13,139,2,23.52,0.00,0.00),(13,157,4,8.11,0.00,0.00),(14,52,1,10.80,0.00,0.00),(14,136,5,22.56,0.00,0.00),(14,146,1,17.86,0.00,0.00),(14,205,1,2.15,0.00,0.00),(14,286,1,7.17,0.00,0.00),(15,77,3,15.70,0.00,0.00),(15,208,1,23.48,0.00,0.00),(15,214,3,13.77,0.00,0.00),(15,246,2,18.32,0.00,0.00),(15,249,3,4.72,0.00,0.00),(18,54,1,5.18,0.00,0.00),(18,153,4,16.56,0.00,0.00),(18,196,4,11.94,0.00,0.00),(18,211,3,21.25,0.00,0.00),(18,246,5,18.32,0.00,0.00),(18,289,3,6.82,0.00,0.00),(20,14,4,13.17,0.00,0.00),(20,97,5,1.50,0.00,0.00),(20,129,3,8.77,0.00,0.00),(20,276,3,3.89,0.00,0.00),(21,99,1,2.74,0.00,0.00),(21,122,5,18.63,0.00,0.00),(21,210,1,8.29,0.00,0.00),(21,297,5,18.96,0.00,0.00),(22,20,5,5.41,0.00,0.00),(22,27,1,1.65,0.00,0.00),(22,51,3,4.38,0.00,0.00),(22,76,4,12.24,0.00,0.00),(22,83,4,9.58,0.00,0.00),(22,170,1,21.91,0.00,0.00),(22,185,3,17.40,0.00,0.00),(22,244,3,2.41,0.00,0.00),(22,261,1,3.10,0.00,0.00),(22,304,2,15.73,0.00,0.00),(23,8,1,21.53,0.00,0.00),(23,32,1,3.67,0.00,0.00),(23,33,5,15.14,0.00,0.00),(23,110,5,6.81,0.00,0.00),(23,137,1,13.78,0.00,0.00),(23,157,2,17.34,0.00,0.00),(23,162,5,1.88,0.00,0.00),(23,193,3,19.75,0.00,0.00),(23,207,2,19.52,0.00,0.00),(23,241,4,5.37,0.00,0.00),(23,248,1,7.18,0.00,0.00),(23,269,2,24.95,0.00,0.00),(23,306,3,7.97,0.00,0.00),(24,44,2,16.24,0.00,0.00),(24,53,4,5.48,0.00,0.00),(24,66,2,17.74,0.00,0.00),(24,94,5,17.03,0.00,0.00),(24,120,2,17.51,0.00,0.00),(24,172,3,24.68,0.00,0.00),(24,198,3,9.41,0.00,0.00),(24,247,3,4.79,0.00,0.00),(24,248,2,3.74,0.00,0.00),(24,251,4,7.28,0.00,0.00),(24,264,4,24.76,0.00,0.00),(24,267,3,15.55,0.00,0.00),(24,307,2,24.46,0.00,0.00),(24,311,2,6.32,0.00,0.00),(26,9,1,13.54,0.00,0.00),(26,60,4,16.88,0.00,0.00),(26,124,2,5.78,0.00,0.00),(26,165,5,24.93,0.00,0.00),(26,230,5,11.99,0.00,0.00),(27,57,3,9.98,0.00,0.00),(27,90,5,16.57,0.00,0.00),(27,103,1,10.18,0.00,0.00),(27,132,2,24.58,0.00,0.00),(27,281,2,15.02,0.00,0.00),(27,299,4,3.86,0.00,0.00),(28,159,2,3.09,0.00,0.00),(28,165,5,4.31,0.00,0.00),(29,67,2,1.83,0.00,0.00),(29,101,2,17.28,0.00,0.00),(29,246,2,11.23,0.00,0.00),(31,1,2,22.13,0.00,0.00),(31,166,2,8.14,0.00,0.00),(31,177,4,24.25,0.00,0.00),(31,255,5,13.31,0.00,0.00),(33,200,5,15.91,0.00,0.00),(33,245,4,12.82,0.00,0.00),(34,46,5,13.70,0.00,0.00),(34,117,3,19.03,0.00,0.00),(34,224,4,5.51,0.00,0.00),(35,113,2,20.68,0.00,0.00),(35,190,3,19.19,0.00,0.00),(35,238,2,13.13,0.00,0.00),(36,9,3,13.54,0.00,0.00),(36,227,1,23.77,0.00,0.00),(36,276,3,3.89,0.00,0.00),(37,7,4,3.02,0.00,0.00),(37,55,2,15.76,0.00,0.00),(37,58,4,21.90,0.00,0.00),(37,101,1,7.23,0.00,0.00),(37,111,1,9.79,0.00,0.00),(37,163,1,17.76,0.00,0.00),(37,229,2,18.04,0.00,0.00),(37,258,2,21.68,0.00,0.00),(38,34,4,5.76,0.00,0.00),(38,77,5,10.27,0.00,0.00),(38,92,3,7.62,0.00,0.00),(38,96,4,18.73,0.00,0.00),(38,106,4,9.54,0.00,0.00),(38,159,4,4.56,0.00,0.00),(38,206,2,2.81,0.00,0.00),(38,207,3,12.60,0.00,0.00),(38,230,4,3.69,0.00,0.00),(39,21,5,4.04,0.00,0.00),(39,57,1,24.83,0.00,0.00),(39,68,2,23.62,0.00,0.00),(39,95,1,1.76,0.00,0.00),(39,118,2,15.34,0.00,0.00),(39,211,4,1.59,0.00,0.00),(39,239,5,13.44,0.00,0.00),(40,42,3,21.40,0.00,0.00),(40,91,5,1.73,0.00,0.00),(40,175,2,6.45,0.00,0.00),(40,258,4,3.15,0.00,0.00),(40,285,3,4.55,0.00,0.00),(41,73,1,19.55,0.00,0.00),(41,93,1,19.24,0.00,0.00),(41,193,2,6.51,0.00,0.00),(41,215,5,21.93,0.00,0.00),(41,240,2,2.07,0.00,0.00),(41,272,3,12.37,0.00,0.00),(42,73,5,23.91,0.00,0.00),(42,84,5,21.64,0.00,0.00),(42,99,1,2.74,0.00,0.00),(42,122,2,18.63,0.00,0.00),(42,130,4,7.13,0.00,0.00),(42,210,2,8.29,0.00,0.00),(42,212,1,7.19,0.00,0.00),(42,250,1,20.82,0.00,0.00),(42,259,4,13.58,0.00,0.00),(42,285,3,4.01,0.00,0.00),(43,23,5,9.28,0.00,0.00),(43,27,1,23.43,0.00,0.00),(43,37,4,8.28,0.00,0.00),(43,191,1,18.82,0.00,0.00),(43,311,1,3.74,0.00,0.00),(44,37,2,24.01,0.00,0.00),(44,285,5,23.40,0.00,0.00),(45,44,2,16.24,0.00,0.00),(45,68,3,21.39,0.00,0.00),(45,86,1,12.49,0.00,0.00),(45,93,5,20.25,0.00,0.00),(45,98,2,5.15,0.00,0.00),(45,150,1,15.08,0.00,0.00),(45,159,1,8.26,0.00,0.00),(45,162,2,3.62,0.00,0.00),(45,198,1,9.41,0.00,0.00),(45,214,4,24.24,0.00,0.00),(45,229,3,15.02,0.00,0.00),(45,264,2,24.76,0.00,0.00),(45,271,1,4.18,0.00,0.00),(45,281,1,16.20,0.00,0.00),(46,92,4,15.84,0.00,0.00),(46,93,2,17.09,0.00,0.00),(46,137,4,13.78,0.00,0.00),(46,160,1,14.42,0.00,0.00),(46,175,4,14.44,0.00,0.00),(46,206,5,10.89,0.00,0.00),(46,208,1,14.72,0.00,0.00),(46,235,3,12.54,0.00,0.00),(46,279,4,1.59,0.00,0.00),(46,283,1,16.67,0.00,0.00),(46,306,1,7.97,0.00,0.00),(46,309,4,4.68,0.00,0.00),(47,6,3,8.07,0.00,0.00),(47,27,2,2.97,0.00,0.00),(47,121,3,10.39,0.00,0.00),(47,128,3,10.37,0.00,0.00),(47,174,2,21.61,0.00,0.00),(47,253,5,7.26,0.00,0.00),(47,271,2,1.66,0.00,0.00),(47,273,4,17.87,0.00,0.00),(47,303,4,4.11,0.00,0.00),(47,305,2,22.87,0.00,0.00),(48,29,1,12.73,0.00,0.00),(48,92,1,19.26,0.00,0.00),(48,157,3,15.30,0.00,0.00),(48,197,1,24.99,0.00,0.00),(48,207,5,7.96,0.00,0.00),(48,220,4,10.86,0.00,0.00),(48,260,4,13.44,0.00,0.00),(48,271,5,4.01,0.00,0.00),(48,280,2,3.46,0.00,0.00),(48,301,1,11.06,0.00,0.00),(49,4,5,6.42,0.00,0.00),(49,12,2,12.89,0.00,0.00),(49,67,2,23.75,0.00,0.00),(49,81,2,24.16,0.00,0.00),(49,90,5,21.10,0.00,0.00),(49,154,3,18.80,0.00,0.00),(49,161,5,7.90,0.00,0.00),(49,245,2,16.01,0.00,0.00),(49,252,1,15.68,0.00,0.00),(49,259,3,20.03,0.00,0.00),(49,268,1,7.91,0.00,0.00),(49,286,1,10.62,0.00,0.00),(50,172,4,16.90,0.00,0.00),(51,34,5,13.79,0.00,0.00),(51,214,1,3.42,0.00,0.00),(52,133,4,24.94,0.00,0.00),(53,139,1,8.10,0.00,0.00),(53,236,2,2.94,0.00,0.00),(54,11,2,16.82,0.00,0.00),(54,41,4,10.04,0.00,0.00),(54,100,2,23.76,0.00,0.00),(54,131,3,3.64,0.00,0.00),(54,145,2,11.32,0.00,0.00),(54,169,1,7.73,0.00,0.00),(54,204,2,2.83,0.00,0.00),(54,222,3,11.53,0.00,0.00),(55,235,3,12.51,0.00,0.00),(55,259,1,1.84,0.00,0.00),(55,278,4,23.45,0.00,0.00),(55,283,4,5.51,0.00,0.00),(56,116,4,12.78,0.00,0.00),(57,4,4,23.95,0.00,0.00),(57,44,3,10.09,0.00,0.00),(57,155,4,18.65,0.00,0.00),(57,265,2,2.06,0.00,0.00),(57,271,5,22.30,0.00,0.00),(57,292,5,4.83,0.00,0.00),(58,224,2,10.37,0.00,0.00),(59,5,4,18.84,0.00,0.00),(59,138,1,9.47,0.00,0.00),(59,233,4,17.73,0.00,0.00),(60,27,4,2.73,0.00,0.00),(60,28,3,4.49,0.00,0.00),(60,47,4,12.11,0.00,0.00),(60,55,3,12.89,0.00,0.00),(60,110,3,22.06,0.00,0.00),(60,135,5,18.69,0.00,0.00),(60,155,1,13.38,0.00,0.00),(60,196,1,23.78,0.00,0.00),(60,220,2,12.62,0.00,0.00),(60,290,1,21.80,0.00,0.00),(61,8,5,14.84,0.00,0.00),(61,250,3,20.54,0.00,0.00),(62,52,1,16.55,0.00,0.00),(62,82,1,19.58,0.00,0.00),(62,279,2,23.54,0.00,0.00),(63,1,5,22.13,0.00,0.00),(63,53,4,21.79,0.00,0.00),(63,116,2,10.70,0.00,0.00),(63,129,1,3.80,0.00,0.00),(63,166,3,8.14,0.00,0.00),(64,22,3,24.59,0.00,0.00),(64,94,4,6.55,0.00,0.00),(64,105,5,24.41,0.00,0.00),(64,152,3,20.50,0.00,0.00),(64,157,5,17.34,0.00,0.00),(64,160,3,14.42,0.00,0.00),(64,206,3,10.89,0.00,0.00),(64,207,5,19.52,0.00,0.00),(64,248,1,7.18,0.00,0.00),(64,309,3,4.68,0.00,0.00),(65,27,3,23.43,0.00,0.00),(65,37,2,8.28,0.00,0.00),(65,225,5,2.51,0.00,0.00),(66,6,4,22.28,0.00,0.00),(66,32,4,23.40,0.00,0.00),(66,41,4,10.04,0.00,0.00),(66,120,3,23.47,0.00,0.00),(67,29,1,12.73,0.00,0.00),(67,54,4,3.55,0.00,0.00),(67,76,2,3.83,0.00,0.00),(67,93,5,5.31,0.00,0.00),(67,107,2,10.85,0.00,0.00),(67,154,3,12.66,0.00,0.00),(67,157,3,15.30,0.00,0.00),(67,207,3,7.96,0.00,0.00),(67,254,1,18.02,0.00,0.00),(67,259,1,1.30,0.00,0.00),(67,266,4,10.27,0.00,0.00),(67,283,1,9.72,0.00,0.00),(67,296,4,16.78,0.00,0.00),(68,18,5,2.31,0.00,0.00),(68,23,4,15.29,0.00,0.00),(68,241,1,10.58,0.00,0.00),(69,23,1,15.29,0.00,0.00),(69,73,2,20.07,0.00,0.00),(69,88,4,12.88,0.00,0.00),(70,55,4,13.88,0.00,0.00),(70,89,2,22.39,0.00,0.00),(70,93,4,6.75,0.00,0.00),(70,111,1,24.03,0.00,0.00),(70,138,2,8.10,0.00,0.00),(70,178,3,24.22,0.00,0.00),(70,221,5,8.16,0.00,0.00),(70,268,1,1.14,0.00,0.00),(70,287,3,8.92,0.00,0.00),(71,78,5,15.24,0.00,0.00),(71,262,1,2.18,0.00,0.00),(72,132,4,15.26,0.00,0.00),(72,139,4,23.12,0.00,0.00),(72,173,3,24.29,0.00,0.00),(72,184,2,24.08,0.00,0.00),(72,195,5,19.97,0.00,0.00),(73,21,2,8.19,0.00,0.00),(73,34,1,8.69,0.00,0.00),(73,54,2,3.55,0.00,0.00),(73,55,1,19.29,0.00,0.00),(73,57,2,17.01,0.00,0.00),(73,92,4,19.26,0.00,0.00),(73,107,4,10.85,0.00,0.00),(73,157,4,15.30,0.00,0.00),(73,221,3,19.08,0.00,0.00),(73,227,1,8.99,0.00,0.00),(73,247,4,15.48,0.00,0.00),(73,254,1,18.02,0.00,0.00),(73,259,2,1.30,0.00,0.00),(73,260,2,13.44,0.00,0.00),(73,266,1,10.27,0.00,0.00),(73,271,2,4.01,0.00,0.00),(73,280,5,3.46,0.00,0.00),(74,17,5,8.10,0.00,0.00),(74,27,4,14.97,0.00,0.00),(74,50,5,7.10,0.00,0.00),(74,65,1,19.19,0.00,0.00),(74,222,2,15.20,0.00,0.00),(74,234,3,2.43,0.00,0.00),(74,247,1,17.24,0.00,0.00),(74,297,3,16.27,0.00,0.00),(75,4,2,23.95,0.00,0.00),(75,13,4,14.53,0.00,0.00),(75,33,1,12.45,0.00,0.00),(75,278,3,8.92,0.00,0.00),(76,105,1,24.41,0.00,0.00),(76,160,3,14.42,0.00,0.00),(76,208,5,14.72,0.00,0.00),(76,241,2,5.37,0.00,0.00),(76,248,2,7.18,0.00,0.00),(76,269,5,24.95,0.00,0.00),(77,44,1,6.89,0.00,0.00),(77,199,4,18.44,0.00,0.00),(77,218,3,21.50,0.00,0.00),(78,26,5,12.18,0.00,0.00),(78,27,2,2.97,0.00,0.00),(78,127,1,22.98,0.00,0.00),(78,163,5,22.74,0.00,0.00),(78,174,5,21.61,0.00,0.00),(78,273,5,17.87,0.00,0.00),(78,302,1,14.70,0.00,0.00),(78,305,4,22.87,0.00,0.00),(79,16,1,3.34,0.00,0.00),(79,181,4,20.07,0.00,0.00),(79,249,2,14.94,0.00,0.00),(80,67,4,11.95,0.00,0.00),(80,249,3,14.94,0.00,0.00),(81,29,2,5.66,0.00,0.00),(81,66,1,2.74,0.00,0.00),(81,128,2,9.79,0.00,0.00),(81,194,1,11.47,0.00,0.00),(81,227,2,6.35,0.00,0.00),(81,235,2,10.01,0.00,0.00),(81,263,5,23.90,0.00,0.00),(82,245,3,12.82,0.00,0.00),(83,7,1,22.28,0.00,0.00),(83,9,4,5.46,0.00,0.00),(83,15,2,8.06,0.00,0.00),(83,65,1,13.79,0.00,0.00),(83,73,1,17.87,0.00,0.00),(84,131,1,8.37,0.00,0.00),(85,6,1,4.62,0.00,0.00),(85,214,1,5.14,0.00,0.00),(85,240,4,2.07,0.00,0.00),(85,269,4,17.31,0.00,0.00),(85,272,2,12.37,0.00,0.00),(85,282,4,14.12,0.00,0.00),(85,286,1,20.12,0.00,0.00),(86,50,3,11.20,0.00,0.00),(86,91,4,4.23,0.00,0.00),(86,102,1,8.34,0.00,0.00),(86,112,1,5.04,0.00,0.00),(86,264,4,16.73,0.00,0.00),(86,271,5,18.40,0.00,0.00),(86,272,1,4.12,0.00,0.00),(87,96,4,18.12,0.00,0.00),(87,151,2,2.97,0.00,0.00),(87,250,5,20.54,0.00,0.00),(87,267,4,12.13,0.00,0.00),(88,253,4,21.88,0.00,0.00),(89,76,4,12.24,0.00,0.00),(89,139,1,22.26,0.00,0.00),(89,185,3,17.40,0.00,0.00),(89,248,3,8.16,0.00,0.00),(89,292,2,2.93,0.00,0.00),(89,297,3,10.18,0.00,0.00),(90,216,1,2.92,0.00,0.00),(90,263,3,7.46,0.00,0.00),(91,5,2,1.33,0.00,0.00),(91,65,3,11.00,0.00,0.00),(91,129,1,21.58,0.00,0.00),(91,148,5,15.08,0.00,0.00),(91,175,3,10.52,0.00,0.00),(91,203,3,11.43,0.00,0.00),(91,270,3,23.90,0.00,0.00),(91,290,2,20.45,0.00,0.00),(92,91,2,1.93,0.00,0.00),(92,101,2,11.49,0.00,0.00),(92,107,3,11.02,0.00,0.00),(92,190,3,19.19,0.00,0.00),(92,238,4,13.13,0.00,0.00),(92,244,2,12.33,0.00,0.00),(92,284,1,20.74,0.00,0.00),(92,308,4,3.33,0.00,0.00),(93,31,1,1.74,0.00,0.00),(94,111,1,9.99,0.00,0.00),(95,20,4,7.47,0.00,0.00),(95,41,2,1.36,0.00,0.00),(95,50,2,23.47,0.00,0.00),(95,63,5,15.44,0.00,0.00),(95,127,1,16.57,0.00,0.00),(95,149,3,17.49,0.00,0.00),(95,256,4,2.82,0.00,0.00),(95,272,5,12.37,0.00,0.00),(95,282,3,14.12,0.00,0.00),(95,288,1,19.14,0.00,0.00),(96,99,1,5.19,0.00,0.00),(96,119,4,11.23,0.00,0.00),(96,125,5,15.36,0.00,0.00),(96,126,5,3.26,0.00,0.00),(96,129,5,3.63,0.00,0.00),(96,174,3,17.01,0.00,0.00),(96,194,5,11.47,0.00,0.00),(96,227,2,6.35,0.00,0.00),(96,238,3,23.65,0.00,0.00),(96,269,1,11.83,0.00,0.00),(96,308,5,23.50,0.00,0.00),(97,214,5,9.00,0.00,0.00),(98,11,5,16.16,0.00,0.00),(98,27,3,2.73,0.00,0.00),(98,55,3,12.89,0.00,0.00),(98,57,5,5.79,0.00,0.00),(98,84,3,4.16,0.00,0.00),(98,86,2,24.44,0.00,0.00),(98,135,5,18.69,0.00,0.00),(98,141,4,23.06,0.00,0.00),(98,155,2,13.38,0.00,0.00),(98,302,3,1.16,0.00,0.00),(98,310,4,2.30,0.00,0.00),(99,17,1,5.65,0.00,0.00),(99,22,1,19.01,0.00,0.00),(99,25,2,24.16,0.00,0.00),(99,28,4,4.49,0.00,0.00),(99,55,3,12.89,0.00,0.00),(99,58,1,3.74,0.00,0.00),(99,64,2,15.37,0.00,0.00),(99,91,2,21.62,0.00,0.00),(99,155,2,13.38,0.00,0.00),(99,196,1,23.78,0.00,0.00),(99,220,5,12.62,0.00,0.00),(99,268,4,9.93,0.00,0.00),(99,290,3,21.80,0.00,0.00),(100,5,3,23.11,0.00,0.00),(100,169,3,17.56,0.00,0.00),(100,181,2,5.62,0.00,0.00),(100,213,3,21.55,0.00,0.00),(100,267,1,5.59,0.00,0.00),(100,282,3,22.23,0.00,0.00),(100,285,4,21.43,0.00,0.00),(100,302,2,17.00,0.00,0.00),(101,97,1,1.80,0.00,0.00),(101,166,4,8.14,0.00,0.00),(101,284,2,1.79,0.00,0.00),(102,15,5,23.98,0.00,0.00),(102,59,1,6.51,0.00,0.00),(102,60,4,15.36,0.00,0.00),(102,93,5,20.25,0.00,0.00),(102,98,5,5.15,0.00,0.00),(102,106,2,24.29,0.00,0.00),(102,137,2,12.13,0.00,0.00),(102,159,5,8.26,0.00,0.00),(102,179,5,13.83,0.00,0.00),(102,207,5,1.38,0.00,0.00),(102,264,3,24.76,0.00,0.00),(102,271,1,4.18,0.00,0.00),(102,283,5,7.18,0.00,0.00),(102,290,5,21.81,0.00,0.00),(102,291,2,11.71,0.00,0.00),(102,292,2,16.74,0.00,0.00),(102,303,3,3.36,0.00,0.00),(103,4,3,6.42,0.00,0.00),(103,81,4,24.16,0.00,0.00),(103,90,2,21.10,0.00,0.00),(103,121,5,9.47,0.00,0.00),(103,161,4,7.90,0.00,0.00),(103,179,4,6.46,0.00,0.00),(103,235,3,21.97,0.00,0.00),(103,259,5,20.03,0.00,0.00),(103,303,5,11.83,0.00,0.00),(104,63,4,5.23,0.00,0.00),(104,187,3,14.48,0.00,0.00),(104,200,5,22.09,0.00,0.00),(104,224,2,17.43,0.00,0.00),(104,283,1,1.12,0.00,0.00),(105,69,5,1.47,0.00,0.00),(105,88,4,12.88,0.00,0.00),(105,173,4,9.22,0.00,0.00),(105,241,2,10.58,0.00,0.00),(106,167,3,10.04,0.00,0.00),(106,170,4,20.23,0.00,0.00),(106,184,2,4.90,0.00,0.00),(106,223,5,12.68,0.00,0.00),(106,224,4,9.84,0.00,0.00),(106,241,1,1.23,0.00,0.00),(106,275,1,20.18,0.00,0.00),(106,299,3,19.48,0.00,0.00),(107,13,1,11.18,0.00,0.00),(107,26,4,6.04,0.00,0.00),(107,37,5,9.84,0.00,0.00),(107,157,5,8.11,0.00,0.00),(107,177,4,17.05,0.00,0.00),(107,213,3,7.04,0.00,0.00),(107,233,1,13.34,0.00,0.00),(107,246,2,3.11,0.00,0.00),(107,311,4,9.65,0.00,0.00),(108,39,2,9.14,0.00,0.00),(108,96,4,13.35,0.00,0.00),(108,124,4,6.54,0.00,0.00),(108,128,5,22.10,0.00,0.00),(108,173,2,23.23,0.00,0.00),(108,215,5,19.25,0.00,0.00),(108,242,1,23.70,0.00,0.00),(108,272,4,1.36,0.00,0.00),(108,310,5,23.11,0.00,0.00),(109,13,1,11.18,0.00,0.00),(109,77,3,12.76,0.00,0.00),(109,79,1,23.56,0.00,0.00),(109,118,4,24.70,0.00,0.00),(109,150,3,14.89,0.00,0.00),(109,279,5,16.00,0.00,0.00),(109,293,1,17.53,0.00,0.00),(110,11,1,11.73,0.00,0.00),(110,17,2,16.13,0.00,0.00),(110,56,5,9.50,0.00,0.00),(110,84,4,23.80,0.00,0.00),(110,112,5,7.99,0.00,0.00),(110,134,3,17.69,0.00,0.00),(110,170,5,2.48,0.00,0.00),(111,40,4,5.20,0.00,0.00),(111,51,4,17.82,0.00,0.00),(111,140,5,17.74,0.00,0.00),(112,96,1,23.91,0.00,0.00),(112,122,3,18.63,0.00,0.00),(112,130,5,7.13,0.00,0.00),(112,207,4,16.80,0.00,0.00),(112,224,4,24.20,0.00,0.00),(112,250,3,20.82,0.00,0.00),(112,259,3,13.58,0.00,0.00),(112,285,3,4.01,0.00,0.00),(112,298,1,20.04,0.00,0.00),(113,10,4,20.23,0.00,0.00),(113,12,1,16.10,0.00,0.00),(113,23,3,21.70,0.00,0.00),(113,130,5,21.63,0.00,0.00),(115,54,4,18.80,0.00,0.00),(115,115,3,24.84,0.00,0.00),(115,118,1,7.10,0.00,0.00),(115,152,2,18.20,0.00,0.00),(115,247,4,17.24,0.00,0.00),(115,249,5,4.04,0.00,0.00),(115,264,2,2.80,0.00,0.00),(115,282,3,6.87,0.00,0.00),(115,297,4,16.27,0.00,0.00),(116,4,3,23.95,0.00,0.00),(116,33,2,12.45,0.00,0.00),(116,85,3,19.39,0.00,0.00),(116,192,2,14.80,0.00,0.00),(116,194,3,19.55,0.00,0.00),(116,200,3,17.23,0.00,0.00),(116,205,5,15.87,0.00,0.00),(116,255,3,9.66,0.00,0.00),(116,265,2,2.06,0.00,0.00),(117,52,1,14.82,0.00,0.00),(117,83,5,5.09,0.00,0.00),(117,106,4,19.34,0.00,0.00),(117,124,2,8.59,0.00,0.00),(117,158,3,24.36,0.00,0.00),(117,224,1,19.33,0.00,0.00),(117,281,2,11.43,0.00,0.00),(117,303,3,1.43,0.00,0.00),(118,9,5,5.46,0.00,0.00),(118,258,3,3.15,0.00,0.00),(118,285,5,4.55,0.00,0.00),(119,118,5,1.88,0.00,0.00),(119,148,3,21.49,0.00,0.00),(119,291,2,5.69,0.00,0.00),(120,7,5,21.57,0.00,0.00),(120,11,2,16.16,0.00,0.00),(120,17,4,5.65,0.00,0.00),(120,47,3,12.11,0.00,0.00),(120,55,2,12.89,0.00,0.00),(120,64,1,15.37,0.00,0.00),(120,80,5,15.65,0.00,0.00),(120,86,5,24.44,0.00,0.00),(120,91,4,21.62,0.00,0.00),(120,149,3,14.74,0.00,0.00),(120,284,3,14.76,0.00,0.00),(120,290,4,21.80,0.00,0.00),(120,310,1,2.30,0.00,0.00),(121,16,1,22.29,0.00,0.00),(121,31,1,19.69,0.00,0.00),(121,91,5,4.23,0.00,0.00),(121,92,3,15.40,0.00,0.00),(121,221,1,3.66,0.00,0.00),(121,245,2,7.08,0.00,0.00),(121,272,4,4.12,0.00,0.00),(121,279,5,9.67,0.00,0.00),(121,289,2,6.70,0.00,0.00),(122,15,3,23.98,0.00,0.00),(122,28,5,14.71,0.00,0.00),(122,44,3,16.24,0.00,0.00),(122,70,4,16.31,0.00,0.00),(122,130,2,19.94,0.00,0.00),(122,159,3,8.26,0.00,0.00),(122,162,5,3.62,0.00,0.00),(122,179,1,13.83,0.00,0.00),(122,194,4,3.25,0.00,0.00),(122,229,1,15.02,0.00,0.00),(122,251,1,7.28,0.00,0.00),(122,271,2,4.18,0.00,0.00),(122,303,2,3.36,0.00,0.00),(122,307,3,24.46,0.00,0.00),(123,27,5,1.65,0.00,0.00),(123,75,3,8.57,0.00,0.00),(123,139,5,22.26,0.00,0.00),(123,170,2,21.91,0.00,0.00),(123,187,5,1.66,0.00,0.00),(123,244,4,2.41,0.00,0.00),(123,263,3,18.61,0.00,0.00),(124,14,2,14.38,0.00,0.00),(124,29,5,12.73,0.00,0.00),(124,68,4,22.38,0.00,0.00),(124,76,4,3.83,0.00,0.00),(124,132,4,24.79,0.00,0.00),(124,136,5,14.66,0.00,0.00),(124,154,4,12.66,0.00,0.00),(124,189,4,21.31,0.00,0.00),(124,221,4,19.08,0.00,0.00),(124,227,5,8.99,0.00,0.00),(124,246,3,22.86,0.00,0.00),(124,259,2,1.30,0.00,0.00),(124,260,1,13.44,0.00,0.00),(124,279,2,19.77,0.00,0.00),(124,301,4,11.06,0.00,0.00),(125,110,5,18.25,0.00,0.00),(125,122,3,19.90,0.00,0.00),(125,126,2,12.15,0.00,0.00),(125,142,1,18.83,0.00,0.00),(125,146,2,23.54,0.00,0.00),(126,58,3,1.17,0.00,0.00),(126,105,1,7.58,0.00,0.00),(126,110,3,13.14,0.00,0.00),(126,130,1,19.99,0.00,0.00),(126,141,1,13.62,0.00,0.00),(126,232,4,18.54,0.00,0.00),(126,263,2,7.64,0.00,0.00),(126,266,3,15.89,0.00,0.00),(127,99,5,21.95,0.00,0.00),(127,213,2,21.55,0.00,0.00),(127,261,5,12.04,0.00,0.00),(129,48,5,14.90,0.00,0.00),(129,226,1,15.66,0.00,0.00),(130,13,5,1.89,0.00,0.00),(130,76,4,5.25,0.00,0.00),(130,85,2,1.67,0.00,0.00),(130,127,4,6.41,0.00,0.00),(130,229,5,6.69,0.00,0.00),(131,10,2,20.23,0.00,0.00),(131,75,4,21.97,0.00,0.00),(131,134,1,8.44,0.00,0.00),(131,181,4,19.56,0.00,0.00),(131,249,2,19.17,0.00,0.00),(131,280,4,2.95,0.00,0.00),(132,31,5,3.64,0.00,0.00),(132,99,1,8.23,0.00,0.00),(132,164,4,9.74,0.00,0.00),(132,199,3,9.98,0.00,0.00),(133,13,4,18.43,0.00,0.00),(133,171,5,20.99,0.00,0.00),(133,182,2,4.93,0.00,0.00),(133,273,4,21.28,0.00,0.00),(134,12,2,6.76,0.00,0.00),(134,143,5,5.29,0.00,0.00),(134,213,1,13.42,0.00,0.00),(134,248,5,17.28,0.00,0.00),(135,18,3,2.00,0.00,0.00),(135,20,3,5.83,0.00,0.00),(135,128,2,4.88,0.00,0.00),(135,130,2,13.35,0.00,0.00),(135,136,2,22.56,0.00,0.00),(135,146,5,17.86,0.00,0.00),(135,214,5,24.84,0.00,0.00),(135,221,4,22.57,0.00,0.00),(135,238,5,24.59,0.00,0.00),(135,286,3,7.17,0.00,0.00),(136,61,1,3.40,0.00,0.00),(136,226,3,15.66,0.00,0.00),(136,229,5,19.38,0.00,0.00),(138,35,2,19.02,0.00,0.00),(138,51,4,15.53,0.00,0.00),(138,63,3,5.23,0.00,0.00),(138,117,3,24.64,0.00,0.00),(138,128,4,12.87,0.00,0.00),(138,241,3,9.66,0.00,0.00),(139,54,3,5.18,0.00,0.00),(139,77,5,15.70,0.00,0.00),(139,106,3,24.07,0.00,0.00),(139,140,4,24.57,0.00,0.00),(139,192,1,13.27,0.00,0.00),(139,211,5,21.25,0.00,0.00),(139,285,4,6.48,0.00,0.00),(140,214,3,9.00,0.00,0.00),(140,224,4,10.37,0.00,0.00),(141,16,2,5.01,0.00,0.00),(141,27,3,18.67,0.00,0.00),(142,63,4,13.05,0.00,0.00),(142,169,4,24.57,0.00,0.00),(142,227,2,23.30,0.00,0.00),(143,91,2,4.23,0.00,0.00),(143,92,1,15.40,0.00,0.00),(143,94,1,8.91,0.00,0.00),(143,112,1,5.04,0.00,0.00),(143,167,4,19.74,0.00,0.00),(143,184,3,24.76,0.00,0.00),(143,198,3,17.89,0.00,0.00),(143,254,4,13.09,0.00,0.00),(143,264,5,16.73,0.00,0.00),(143,272,3,4.12,0.00,0.00),(143,289,1,6.70,0.00,0.00),(143,309,4,11.18,0.00,0.00),(144,8,1,12.58,0.00,0.00),(144,80,2,23.27,0.00,0.00),(144,126,2,8.25,0.00,0.00),(144,150,1,4.47,0.00,0.00),(144,158,5,21.32,0.00,0.00),(144,239,1,6.28,0.00,0.00),(144,244,3,23.27,0.00,0.00),(144,266,1,8.85,0.00,0.00),(145,91,5,13.96,0.00,0.00),(145,181,2,11.40,0.00,0.00),(145,196,4,18.83,0.00,0.00),(145,220,3,11.22,0.00,0.00),(145,243,1,17.23,0.00,0.00),(145,270,1,15.43,0.00,0.00),(145,286,3,7.67,0.00,0.00),(145,302,3,9.35,0.00,0.00),(146,3,4,3.42,0.00,0.00),(146,29,5,21.30,0.00,0.00),(146,94,5,8.04,0.00,0.00),(146,129,4,14.52,0.00,0.00),(146,169,2,19.56,0.00,0.00),(146,214,1,21.84,0.00,0.00),(147,17,2,8.10,0.00,0.00),(147,40,3,19.63,0.00,0.00),(147,54,2,18.80,0.00,0.00),(147,66,2,6.35,0.00,0.00),(147,106,1,8.33,0.00,0.00),(147,129,3,5.37,0.00,0.00),(147,222,1,15.20,0.00,0.00),(147,230,2,24.25,0.00,0.00),(147,260,3,24.93,0.00,0.00),(147,263,5,7.01,0.00,0.00),(147,264,4,2.80,0.00,0.00),(147,297,5,16.27,0.00,0.00),(148,25,5,24.16,0.00,0.00),(148,58,5,3.74,0.00,0.00),(148,64,4,15.37,0.00,0.00),(148,110,4,22.06,0.00,0.00),(148,290,5,21.80,0.00,0.00),(149,5,3,4.82,0.00,0.00),(149,15,5,20.80,0.00,0.00),(149,19,4,24.58,0.00,0.00),(149,95,3,20.69,0.00,0.00),(149,129,1,16.56,0.00,0.00),(149,130,2,20.36,0.00,0.00),(149,161,1,4.40,0.00,0.00),(149,290,1,7.63,0.00,0.00),(150,5,3,1.33,0.00,0.00),(150,43,3,13.78,0.00,0.00),(150,110,2,22.37,0.00,0.00),(150,126,5,18.88,0.00,0.00),(150,129,4,21.58,0.00,0.00),(150,175,2,10.52,0.00,0.00),(150,263,1,22.48,0.00,0.00),(152,118,5,11.25,0.00,0.00),(152,176,2,4.75,0.00,0.00),(152,209,4,7.54,0.00,0.00),(152,217,1,18.61,0.00,0.00),(153,58,5,7.27,0.00,0.00),(153,79,1,6.99,0.00,0.00),(153,204,1,2.83,0.00,0.00),(154,222,1,18.63,0.00,0.00),(155,224,5,5.51,0.00,0.00),(155,289,5,8.73,0.00,0.00),(156,13,4,14.53,0.00,0.00),(156,265,2,2.06,0.00,0.00),(156,292,1,4.83,0.00,0.00),(157,12,3,7.52,0.00,0.00),(157,31,5,8.77,0.00,0.00),(157,83,2,13.29,0.00,0.00),(157,90,2,16.57,0.00,0.00),(157,117,2,18.79,0.00,0.00),(157,132,2,24.58,0.00,0.00),(157,159,1,3.21,0.00,0.00),(157,295,3,18.32,0.00,0.00),(158,4,2,6.92,0.00,0.00),(158,75,2,21.97,0.00,0.00),(158,116,3,4.60,0.00,0.00),(158,134,5,8.44,0.00,0.00),(158,138,1,16.17,0.00,0.00),(158,249,1,19.17,0.00,0.00),(158,262,2,16.96,0.00,0.00),(159,10,2,20.23,0.00,0.00),(159,36,5,9.85,0.00,0.00),(159,75,5,21.97,0.00,0.00),(159,116,4,4.60,0.00,0.00),(159,130,1,21.63,0.00,0.00),(159,138,3,16.17,0.00,0.00),(159,139,2,1.58,0.00,0.00),(159,212,2,16.88,0.00,0.00),(159,226,1,5.11,0.00,0.00),(159,288,2,16.76,0.00,0.00),(160,32,1,5.26,0.00,0.00),(160,83,4,2.71,0.00,0.00),(160,268,2,18.55,0.00,0.00),(160,282,5,6.61,0.00,0.00),(162,144,2,3.48,0.00,0.00),(163,13,1,3.59,0.00,0.00),(163,28,1,21.26,0.00,0.00),(163,59,1,5.95,0.00,0.00),(163,97,1,11.73,0.00,0.00),(163,120,2,22.50,0.00,0.00),(163,122,5,17.98,0.00,0.00),(163,138,2,14.53,0.00,0.00),(163,247,2,14.99,0.00,0.00),(163,250,4,8.85,0.00,0.00),(163,262,5,8.88,0.00,0.00),(164,6,4,4.62,0.00,0.00),(164,20,1,7.47,0.00,0.00),(164,41,2,1.36,0.00,0.00),(164,88,3,6.80,0.00,0.00),(164,103,1,5.32,0.00,0.00),(164,185,5,13.40,0.00,0.00),(164,215,4,21.93,0.00,0.00),(164,266,2,3.24,0.00,0.00),(164,272,5,12.37,0.00,0.00),(165,12,4,3.38,0.00,0.00),(165,93,5,6.75,0.00,0.00),(165,98,1,18.92,0.00,0.00),(165,111,5,24.03,0.00,0.00),(165,133,2,19.88,0.00,0.00),(165,225,5,4.24,0.00,0.00),(165,268,3,1.14,0.00,0.00),(165,271,3,5.65,0.00,0.00),(165,282,3,6.08,0.00,0.00),(166,217,3,6.38,0.00,0.00),(166,259,4,1.84,0.00,0.00),(166,303,4,3.52,0.00,0.00),(167,31,1,6.07,0.00,0.00),(167,126,5,1.85,0.00,0.00),(167,187,5,22.54,0.00,0.00),(167,282,3,18.80,0.00,0.00),(168,225,3,2.51,0.00,0.00),(168,303,4,11.89,0.00,0.00),(169,17,3,21.55,0.00,0.00),(169,80,2,14.37,0.00,0.00),(169,82,3,11.15,0.00,0.00),(169,102,3,14.14,0.00,0.00),(169,129,1,14.52,0.00,0.00),(169,130,1,2.93,0.00,0.00),(169,169,1,19.56,0.00,0.00),(169,193,4,14.10,0.00,0.00),(169,226,2,22.67,0.00,0.00),(171,51,2,15.53,0.00,0.00),(171,215,2,9.80,0.00,0.00),(171,283,4,1.12,0.00,0.00),(172,26,2,2.09,0.00,0.00),(172,155,1,13.50,0.00,0.00),(172,271,1,7.74,0.00,0.00),(173,78,1,12.31,0.00,0.00),(173,95,1,1.76,0.00,0.00),(173,103,5,10.34,0.00,0.00),(173,139,5,9.73,0.00,0.00),(173,145,5,15.55,0.00,0.00),(173,150,1,13.16,0.00,0.00),(173,157,5,21.67,0.00,0.00),(173,158,5,11.85,0.00,0.00),(173,183,4,24.29,0.00,0.00),(173,265,5,17.07,0.00,0.00),(173,290,2,12.23,0.00,0.00),(174,5,2,23.11,0.00,0.00),(174,12,4,22.50,0.00,0.00),(174,127,1,21.60,0.00,0.00),(174,169,1,17.56,0.00,0.00),(174,181,2,5.62,0.00,0.00),(174,211,4,9.74,0.00,0.00),(174,235,5,5.02,0.00,0.00),(175,22,4,23.35,0.00,0.00),(175,31,3,6.07,0.00,0.00),(175,53,5,15.25,0.00,0.00),(175,83,1,13.25,0.00,0.00),(175,92,5,4.27,0.00,0.00),(175,126,4,1.85,0.00,0.00),(175,130,1,7.95,0.00,0.00),(175,134,4,24.01,0.00,0.00),(175,222,5,5.00,0.00,0.00),(175,266,1,10.80,0.00,0.00),(175,278,3,2.54,0.00,0.00),(175,282,3,18.80,0.00,0.00),(176,83,4,4.43,0.00,0.00),(176,117,2,21.60,0.00,0.00),(176,180,4,18.47,0.00,0.00),(177,101,3,11.49,0.00,0.00),(177,113,3,20.68,0.00,0.00),(177,133,1,11.51,0.00,0.00),(177,308,3,3.33,0.00,0.00),(177,311,5,14.85,0.00,0.00),(178,213,1,13.42,0.00,0.00),(178,277,4,24.60,0.00,0.00),(178,279,4,16.60,0.00,0.00),(178,284,5,1.23,0.00,0.00),(178,303,1,9.27,0.00,0.00),(179,16,4,5.01,0.00,0.00),(179,26,4,2.59,0.00,0.00),(179,172,5,13.56,0.00,0.00),(179,178,4,9.98,0.00,0.00),(180,257,5,24.50,0.00,0.00);
/*!40000 ALTER TABLE `bill_items` ENABLE KEYS */;
UNLOCK TABLES;

--
-- Table structure for table `category`
--

DROP TABLE IF EXISTS `category`;
/*!40101 SET @saved_cs_client     = @@character_set_client */;
/*!50503 SET character_set_client = utf8mb4 */;
CREATE TABLE `category` (
  `category_id` int NOT NULL AUTO_INCREMENT,
  `category_name` varchar(30) NOT NULL,
  `category_description` text,
  PRIMARY KEY (`category_id`),
  UNIQUE KEY `category_name` (`category_name`)
) ENGINE=InnoDB AUTO_INCREMENT=27 DEFAULT CHARSET=utf8mb4 COLLATE=utf8mb4_0900_ai_ci;
/*!40101 SET character_set_client = @saved_cs_client */;

--
-- Dumping data for table `category`
--

LOCK TABLES `category` WRITE;
/*!40000 ALTER TABLE `category` DISABLE KEYS */;
INSERT INTO `category` VALUES (1,'Beverages',''),(2,'Seafood',''),(3,'Office supplies',''),(4,'Themed meals',''),(5,'Other stuff',''),(6,'Baby stuff',''),(7,'Snacks',''),(8,'Dairy',''),(9,'Fresh fruits',''),(10,'Cleaning products',''),(11,'Personal care',''),(12,'Fresh vegetables',''),(13,'Medicine',''),(14,'Refrigerated items',''),(15,'Meat',''),(16,'Frozen',''),(17,'Baking',''),(18,'Kitchen',''),(19,'Cheese',''),(20,'Spices & herbs',''),(21,'Canned foods',''),(22,'Pets',''),(23,'Carcinogens',''),(24,'Condiments / Sauces',''),(25,'Various groceries',''),(26,'Baked goods','');
/*!40000 ALTER TABLE `category` ENABLE KEYS */;
UNLOCK TABLES;

--
-- Table structure for table `discount`
--

DROP TABLE IF EXISTS `discount`;
/*!40101 SET @saved_cs_client     = @@character_set_client */;
/*!50503 SET character_set_client = utf8mb4 */;
CREATE TABLE `discount` (
  `store_id` int NOT NULL,
  `item_id` int NOT NULL,
  `percent_off` decimal(5,2) NOT NULL,
  `is_active` tinyint(1) NOT NULL,
  PRIMARY KEY (`store_id`,`item_id`),
  CONSTRAINT `discount_ibfk_1` FOREIGN KEY (`store_id`, `item_id`) REFERENCES `store_item` (`store_id`, `item_id`)
) ENGINE=InnoDB DEFAULT CHARSET=utf8mb4 COLLATE=utf8mb4_0900_ai_ci;
/*!40101 SET character_set_client = @saved_cs_client */;

--
-- Dumping data for table `discount`
--

LOCK TABLES `discount` WRITE;
/*!40000 ALTER TABLE `discount` DISABLE KEYS */;
/*!40000 ALTER TABLE `discount` ENABLE KEYS */;
UNLOCK TABLES;

--
-- Table structure for table `employee`
--

DROP TABLE IF EXISTS `employee`;
/*!40101 SET @saved_cs_client     = @@character_set_client */;
/*!50503 SET character_set_client = utf8mb4 */;
CREATE TABLE `employee` (
  `emp_id` int NOT NULL AUTO_INCREMENT,
  `role_id` int NOT NULL,
  `store_id` int NOT NULL,
  `emp_phone` varchar(12) NOT NULL,
  `emp_SSN` varchar(11) NOT NULL,
  `first_name` varchar(20) NOT NULL,
  `last_name` varchar(20) NOT NULL,
  `emp_address` varchar(100) NOT NULL,
  `hourly_wage` decimal(5,2) NOT NULL,
  `is_working` tinyint(1) NOT NULL,
  PRIMARY KEY (`emp_id`),
  UNIQUE KEY `emp_phone` (`emp_phone`),
  UNIQUE KEY `emp_SSN` (`emp_SSN`),
  KEY `role_id` (`role_id`),
  KEY `store_id` (`store_id`),
  CONSTRAINT `employee_ibfk_1` FOREIGN KEY (`role_id`) REFERENCES `role` (`role_id`),
  CONSTRAINT `employee_ibfk_2` FOREIGN KEY (`store_id`) REFERENCES `store` (`store_id`)
) ENGINE=InnoDB AUTO_INCREMENT=501 DEFAULT CHARSET=utf8mb4 COLLATE=utf8mb4_0900_ai_ci;
/*!40101 SET character_set_client = @saved_cs_client */;

--
-- Dumping data for table `employee`
--

LOCK TABLES `employee` WRITE;
/*!40000 ALTER TABLE `employee` DISABLE KEYS */;
INSERT INTO `employee` VALUES (1,1,94,'986-791-7914','358-52-5589','Alford','Kettridge','87 Springs Pass',45.00,1),(2,5,78,'398-976-3403','828-78-2134','Jaye','Dimitriev','52 Spenser Court',45.00,1),(3,4,39,'293-775-8113','454-75-6475','Vassily','Ellesmere','1264 Paget Point',40.00,0),(4,13,29,'326-175-8892','174-55-9279','Alyce','Larkins','24860 Kim Pass',24.00,0),(5,10,73,'415-445-1792','838-63-2912','Caria','Atwater','20 Bobwhite Crossing',50.00,1),(6,11,35,'545-821-2770','878-30-8275','Eugenie','Barczewski','20 Ohio Avenue',21.00,1),(7,12,69,'774-382-0966','190-09-8058','Brnaba','Keattch','347 Veith Court',28.00,1),(8,2,21,'422-723-1094','432-02-4284','Giorgia','Waleworke','2 Packers Center',47.00,0),(9,10,92,'325-942-6449','175-80-6988','Julie','D\'Enrico','5 2nd Pass',48.00,0),(10,9,69,'164-598-8015','682-10-8884','Merrick','Goodding','6 Maywood Place',49.00,0),(11,4,57,'271-242-8641','100-05-2926','Guendolen','Monard','3 Sheridan Junction',35.00,1),(12,11,60,'411-963-3744','133-55-1658','Cordy','Geri','43 Merry Drive',16.00,1),(13,9,88,'641-983-6011','265-93-9682','Channa','Bruineman','91 Talmadge Park',32.00,0),(14,9,83,'121-360-5463','441-96-2877','Trish','Minto','927 Manitowish Trail',41.00,1),(15,13,72,'974-697-0483','117-14-0239','Coraline','Petto','66 Trailsway Park',15.00,1),(16,15,81,'726-556-3782','645-85-4004','Colver','Grunnell','3 Russell Lane',27.00,1),(17,1,33,'579-872-0349','872-06-0488','Darelle','Littlefair','23 Shasta Terrace',46.00,0),(18,10,35,'773-538-8832','392-84-1277','Pernell','Biffin','1440 Anthes Parkway',35.00,1),(19,6,35,'219-601-3258','607-99-3835','Edee','Truse','5793 Grayhawk Point',19.00,1),(20,9,75,'957-273-4946','733-97-8233','Carmencita','Blenkinsopp','40499 Moose Way',46.00,1),(21,10,62,'961-946-1092','364-41-0230','Ivor','Baile','82 Farmco Center',34.00,1),(22,5,84,'706-329-7216','647-47-2263','Oralla','Huish','9013 Dovetail Hill',44.00,1),(23,4,19,'306-794-2692','114-31-3497','Torrence','Braysher','17589 Prentice Circle',50.00,1),(24,4,5,'512-948-9545','822-80-8405','Uta','Sandall','457 John Wall Hill',18.00,0),(25,10,59,'557-564-5894','516-84-0362','Marcy','Yegorovnin','63421 Talisman Way',48.00,1),(26,7,43,'855-108-2531','411-39-2795','Doralynn','Heinschke','5 Green Ridge Hill',35.00,0),(27,8,72,'316-578-6418','131-28-9875','Boycey','Grigaut','43626 Almo Street',22.00,1),(28,15,26,'666-186-4071','699-26-8270','Locke','Goodrich','7 Hayes Point',44.00,1),(29,7,79,'201-897-4922','815-56-4904','Dalis','Calkin','85335 Kropf Street',32.00,1),(30,13,87,'490-868-6142','660-91-0640','Deidre','Housin','9 Warrior Avenue',23.00,1),(31,5,5,'405-846-1780','214-30-8802','Viv','Albinson','91373 Mockingbird Road',36.00,1),(32,14,26,'797-416-7848','812-14-0958','Cirilo','Hunnisett','9459 Morning Park',27.00,0),(33,9,74,'555-512-7692','278-10-0465','Delmor','Winspur','76873 Blue Bill Park Way',47.00,0),(34,14,99,'292-325-9686','356-54-3301','Ernie','McLarens','0 Dunning Place',42.00,0),(35,11,81,'850-116-0596','156-92-5193','Elset','Theodore','43 Darwin Avenue',47.00,0),(36,12,75,'577-563-8937','756-39-6312','Raymond','Batrop','7 Oxford Court',50.00,1),(37,3,59,'271-877-4288','361-68-9361','Stefanie','Abrahamoff','9704 Muir Hill',33.00,1),(38,6,32,'317-825-3413','536-16-3122','Denys','Ybarra','3354 Union Avenue',33.00,0),(39,1,43,'470-212-5206','745-49-6991','Lewiss','Burch','25 Monica Junction',23.00,1),(40,6,55,'907-650-1276','344-59-0409','Mikol','Patterson','71294 4th Point',32.00,0),(41,10,99,'776-928-9189','772-86-2556','Avrom','Lundbech','884 Sunnyside Hill',33.00,1),(42,10,89,'934-655-3186','461-93-3878','Wandis','Andrysek','11892 Milwaukee Junction',23.00,1),(43,14,46,'596-593-1772','391-32-2387','Rowe','Corkett','4296 Porter Alley',19.00,0),(44,13,81,'557-788-4283','545-27-5058','Elliott','Maneylaws','99657 Ridge Oak Way',44.00,0),(45,7,62,'836-511-0907','887-57-7361','Maxim','Block','944 Anzinger Parkway',35.00,1),(46,11,18,'482-890-3760','448-68-2743','Dex','Serrurier','22 Mayer Junction',32.00,0),(47,6,82,'773-591-3281','815-54-1102','Alonso','Philimore','4 Badeau Road',42.00,0),(48,9,57,'631-309-6009','643-97-4889','Pepillo','Hakeworth','39 Sommers Alley',25.00,1),(49,9,36,'916-467-8952','631-74-7206','Artemas','Stopforth','6545 Golf Course Avenue',31.00,1),(50,10,42,'209-179-5165','539-84-9192','Wren','Cosham','097 Chinook Road',46.00,1),(51,11,26,'457-285-0941','423-64-0662','Ransom','Slucock','054 Vermont Way',36.00,0),(52,4,16,'413-597-1966','342-52-0269','Galvin','Knapton','5 Anderson Alley',31.00,1),(53,1,59,'976-817-7325','844-95-1962','Freda','Seeley','5232 Del Mar Hill',18.00,0),(54,13,51,'182-679-9583','340-10-2408','Nelly','Askam','4 Mockingbird Pass',40.00,0),(55,4,93,'488-982-9046','221-53-1295','Shannah','Phoebe','91 Maple Wood Parkway',19.00,0),(56,7,31,'888-680-6546','344-88-1889','Dav','Bavin','2128 Quincy Road',44.00,0),(57,2,11,'188-364-0278','366-63-1557','Zelma','Lourens','813 Center Junction',15.00,1),(58,8,12,'970-829-8029','344-57-8820','Pascale','Vaneev','1945 Vernon Lane',24.00,0),(59,11,62,'429-626-8441','752-92-7715','Leena','Newsome','6315 6th Hill',39.00,0),(60,13,71,'369-454-8968','553-45-6062','Bunnie','Skeels','14646 Bobwhite Terrace',19.00,1),(61,15,49,'405-210-3605','772-10-9630','Aggy','Rockwill','083 Harper Avenue',47.00,0),(62,8,23,'995-375-1316','570-04-8556','Evangelin','Rothera','575 Morningstar Lane',33.00,1),(63,14,2,'283-333-9251','600-24-2037','Ardis','Bosma','8624 Algoma Plaza',38.00,0),(64,14,61,'678-177-6739','422-33-1117','Cecile','Philipet','36 Ludington Hill',50.00,1),(65,7,73,'347-531-5802','651-08-2589','Karlan','Spirritt','5 Arapahoe Circle',40.00,0),(66,12,44,'776-852-9232','326-53-5421','Cornall','Arrowsmith','1 Welch Hill',40.00,0),(67,5,22,'876-805-2618','858-66-0861','Kim','Ginnane','861 Forster Point',45.00,0),(68,5,4,'817-948-0608','804-59-0833','Foss','Ghidelli','5 Pleasure Lane',37.00,1),(69,3,50,'802-479-7745','627-90-1851','Ragnar','Wilfling','0 Forest Crossing',36.00,0),(70,12,43,'918-526-8146','392-52-3692','Olive','Ivanishev','30 Briar Crest Road',15.00,0),(71,8,42,'452-699-2430','623-84-4410','Humphrey','Ephson','4920 Dennis Terrace',41.00,1),(72,4,85,'945-546-0194','586-39-2384','Bernarr','Swainston','3580 Iowa Place',36.00,1),(73,6,91,'487-552-1259','480-10-8665','Christy','Neame','0082 Arizona Crossing',36.00,1),(74,12,64,'944-878-6601','538-37-3369','Jacqui','Gregolin','219 Debra Circle',33.00,0),(75,4,58,'257-715-4879','275-66-5313','Frannie','Herrieven','12 Summit Avenue',38.00,0),(76,6,11,'591-653-1295','715-21-9441','Brook','Ismirnioglou','21 Spaight Trail',29.00,1),(77,14,33,'886-729-2493','162-77-5546','Yolanda','Langthorn','98 Pond Pass',37.00,0),(78,6,92,'428-990-1419','833-68-9755','Frieda','Paulino','240 Northport Pass',28.00,1),(79,12,10,'984-799-8068','118-57-0350','Maggee','Farncombe','7 Scofield Hill',47.00,0),(80,14,58,'661-181-2743','492-34-2356','Tomas','Fleet','0 Delladonna Way',16.00,1),(81,13,22,'946-540-5761','245-48-9574','Shae','McCorry','69 Randy Street',32.00,0),(82,8,99,'899-701-2885','318-22-8404','Ingamar','Wilcocke','6560 Vidon Crossing',31.00,0),(83,1,14,'427-609-2542','788-48-5643','Hart','Broxup','9 Michigan Park',43.00,0),(84,11,4,'384-497-7897','714-07-7460','Reggi','Albany','8162 Hazelcrest Center',45.00,0),(85,12,42,'160-620-0139','375-85-9307','Trevar','Goldstein','2 Prentice Lane',35.00,1),(86,15,37,'552-597-3990','216-77-9097','Rhodie','Fucher','21862 Kennedy Street',24.00,0),(87,5,21,'473-863-2980','715-48-6894','Leodora','Selwyne','62898 Dryden Drive',27.00,1),(88,10,21,'114-472-6625','447-55-7035','Tonye','Patsall','1 Rutledge Lane',31.00,0),(89,6,74,'264-504-3039','336-92-5354','Roma','Loughlin','4 Coolidge Avenue',49.00,1),(90,2,43,'579-149-7967','494-52-2738','Chucho','Rowcastle','7320 Pleasure Crossing',48.00,1),(91,5,42,'134-242-2582','305-39-9312','Ivy','Thynne','05475 Ridgeview Alley',23.00,1),(92,8,10,'934-267-6976','669-79-4844','Gilburt','Dyet','424 Pearson Alley',43.00,1),(93,1,67,'481-602-5432','205-77-9355','Jeanelle','Danilin','4 Maple Park',41.00,0),(94,12,93,'811-182-6521','683-63-2611','Margeaux','Balharrie','16 1st Alley',38.00,1),(95,10,68,'923-715-0959','220-96-9114','Georgia','Svanini','001 Trailsway Drive',21.00,0),(96,1,80,'786-594-8205','354-25-8845','Kain','Gockeler','85031 Grim Pass',15.00,0),(97,2,27,'477-499-8638','169-79-6298','Dewey','Ashby','4582 Erie Plaza',18.00,0),(98,2,56,'210-962-3233','482-63-1661','Percival','Palatini','03450 Mayer Trail',30.00,0),(99,1,99,'405-851-9665','425-81-7815','Mindy','Swine','73615 Calypso Terrace',36.00,1),(100,6,30,'853-353-4891','242-16-5435','Abramo','Stanbra','5 Oak Valley Road',43.00,0),(101,15,3,'254-139-0586','594-47-2210','Rae','Jeal','15 Larry Terrace',30.00,1),(102,1,33,'130-802-7420','142-50-5105','Neils','Deakan','6322 Schmedeman Parkway',46.00,1),(103,3,33,'215-608-9376','233-51-2102','Shaine','Bridges','184 Hanover Parkway',21.00,1),(104,7,12,'940-917-1723','627-71-2966','Antonina','Strothers','435 Mitchell Circle',36.00,0),(105,4,47,'294-153-1639','813-76-0561','Scot','Wetton','591 Holmberg Trail',21.00,1),(106,2,71,'790-173-1153','573-17-8196','Sigmund','Pimley','7 Becker Court',32.00,1),(107,7,44,'336-138-6630','753-75-7247','Yalonda','Matthai','62 Dawn Plaza',32.00,0),(108,1,53,'672-535-2155','529-55-3583','Brier','Dinsale','5 Eagan Plaza',22.00,0),(109,12,82,'676-201-5883','380-47-8579','Gayelord','Curd','52604 Gulseth Pass',17.00,1),(110,10,69,'821-610-6703','641-05-3063','Rodolphe','Stamp','8 Hanover Center',28.00,1),(111,3,13,'346-801-3563','496-66-5130','Major','Leyband','13391 Lyons Alley',27.00,0),(112,8,66,'230-273-0100','342-39-1956','Aldin','Terbeck','31 Reindahl Plaza',23.00,0),(113,13,60,'277-450-1486','440-02-7086','Connie','Siggers','3115 Colorado Road',50.00,1),(114,7,39,'529-809-1938','126-86-7072','Janeen','Mackro','99511 Heffernan Terrace',32.00,0),(115,10,17,'994-655-5293','103-23-9506','Ulises','Farmer','6058 Birchwood Circle',41.00,0),(116,4,70,'620-168-1653','569-72-0724','Hannah','McCarney','738 Rockefeller Park',33.00,1),(117,11,33,'770-611-2344','475-73-5516','Brook','Sporton','95495 Melrose Avenue',31.00,0),(118,7,86,'679-737-7289','486-28-2562','Hanan','Dibden','382 Wayridge Parkway',34.00,0),(119,2,90,'985-248-9341','751-68-6029','Nobe','Pottery','05 Dunning Pass',31.00,1),(120,9,72,'691-104-6446','438-43-0224','June','Pavlitschek','460 Oxford Drive',39.00,0),(121,14,57,'810-880-6964','765-56-7985','Charlotta','Daouse','96 Talisman Way',49.00,0),(122,6,96,'347-116-2289','652-81-8393','Christyna','Mott','29 Susan Junction',21.00,0),(123,3,62,'367-688-6030','537-25-1910','Windy','Morse','66588 New Castle Place',15.00,1),(124,7,47,'822-792-4297','745-27-0328','Adoree','Tomlin','8840 Darwin Terrace',16.00,0),(125,13,81,'105-856-7879','535-49-5334','Alfons','Lasselle','94 Northview Pass',28.00,0),(126,7,59,'900-258-0427','411-97-1221','Corabel','Spray','10 Twin Pines Lane',23.00,1),(127,1,40,'542-514-3412','722-19-9104','Karylin','Leamy','971 Division Drive',40.00,1),(128,13,99,'505-983-8863','486-12-5381','Kessia','Grevatt','7 Dexter Way',16.00,0),(129,11,10,'504-931-8719','566-12-9775','Danila','Minihane','23 6th Alley',21.00,1),(130,8,71,'777-422-4072','457-44-6766','Abigail','Ambrogio','95 Superior Drive',31.00,1),(131,9,18,'740-621-8596','445-29-1730','Sophey','Gaffney','338 Walton Trail',20.00,0),(132,14,22,'727-251-6917','332-69-3792','Ettie','Dumphries','994 Mitchell Point',48.00,0),(133,14,98,'324-204-0171','394-99-3488','Janek','Patrickson','5023 Bartillon Pass',21.00,1),(134,8,15,'661-716-0600','497-36-7896','Meara','Fritz','923 Union Alley',50.00,0),(135,13,24,'792-752-7756','290-37-3234','Faber','Ismead','8 Eagle Crest Center',47.00,1),(136,4,59,'639-773-0884','293-20-9744','Calhoun','Stark','1252 International Circle',17.00,1),(137,7,7,'425-673-1212','596-52-7039','Connie','Glencross','97650 Dovetail Way',27.00,1),(138,3,7,'845-902-7587','738-72-3601','Darrin','Snoddon','51145 Judy Avenue',19.00,0),(139,2,47,'772-934-4824','589-83-2635','Joshuah','Pimlott','06 Hagan Junction',48.00,0),(140,3,30,'750-417-2036','793-52-5305','Dallas','Linne','56 Glacier Hill Junction',18.00,0),(141,8,5,'597-299-3893','160-03-6161','Trescha','Brettell','209 Westerfield Center',20.00,1),(142,7,30,'287-368-6964','843-85-7543','Teri','Dalrymple','615 Comanche Avenue',32.00,1),(143,13,73,'396-319-2116','593-93-0366','Lamar','Heinsius','40864 Anderson Parkway',18.00,1),(144,10,1,'657-235-9960','593-06-7109','Judah','Fayre','54111 Southridge Crossing',35.00,1),(145,9,60,'330-297-3025','532-65-8100','Wallache','Fox','6 Morningstar Trail',27.00,1),(146,4,31,'302-290-8337','639-43-7133','Iorgos','Borzoni','06889 Roxbury Park',19.00,1),(147,13,95,'884-310-2269','422-41-8044','Minor','Saffell','49 Tennyson Terrace',48.00,0),(148,4,81,'498-682-3897','641-73-9233','Babita','Maguire','163 Mcbride Avenue',20.00,0),(149,11,47,'513-424-8896','453-30-9623','Maximilien','Betonia','54 Grover Road',48.00,0),(150,11,99,'936-283-3761','488-59-4133','Pen','Champney','867 Jenna Drive',34.00,0),(151,2,27,'728-170-1840','533-40-6285','Ragnar','Cordon','9 Kipling Point',39.00,0),(152,14,37,'555-129-5020','848-13-6603','Amil','Habron','6 Forest Run Junction',39.00,0),(153,13,25,'231-520-5028','790-72-7382','Hervey','Colnet','22 Heffernan Avenue',34.00,1),(154,9,35,'593-182-0765','876-71-4365','Opaline','Spraggs','74 Dorton Place',40.00,1),(155,12,93,'764-188-4636','244-32-6224','Erik','Atwood','38 Pierstorff Alley',20.00,0),(156,13,32,'621-812-9181','346-13-9333','Tedie','Nielson','3 Fairview Terrace',19.00,0),(157,13,9,'601-698-2858','306-46-0007','Dalia','Bend','813 5th Center',25.00,0),(158,15,68,'591-688-7628','722-64-7190','Flore','O\'Shaughnessy','51959 Boyd Pass',17.00,1),(159,7,1,'202-576-7001','540-60-0949','Richy','Abadam','5 Atwood Crossing',48.00,1),(160,6,70,'769-449-5986','871-73-7863','Denny','Shedden','6070 Fieldstone Drive',18.00,1),(161,8,43,'289-364-8706','143-01-6239','Pavla','Simonson','6951 Browning Place',22.00,1),(162,5,1,'357-724-9945','583-02-8169','Harwell','Riddich','83840 David Plaza',24.00,1),(163,8,21,'236-367-6785','751-07-7732','Mair','Bullas','28215 Doe Crossing Center',50.00,1),(164,5,1,'439-311-1629','238-89-5298','Lavina','Trewhitt','29245 Service Plaza',37.00,1),(165,2,54,'735-515-2090','294-99-1712','Wolf','Dance','94 Leroy Trail',17.00,1),(166,5,49,'578-153-7721','511-08-7617','Ruprecht','Feye','54539 Vidon Road',27.00,1),(167,15,15,'356-653-7758','657-73-0908','Jonathan','Border','722 Hazelcrest Street',26.00,0),(168,7,24,'671-680-2386','723-03-7482','Ninon','Girkin','1781 Menomonie Road',23.00,1),(169,14,41,'292-692-2485','135-35-7664','Broddie','Challiner','24 Cascade Crossing',38.00,1),(170,1,52,'932-881-8665','750-15-2420','Jerrilyn','Hurles','17888 Division Crossing',46.00,1),(171,5,32,'541-598-2699','718-64-8470','Gare','Morfield','1086 Weeping Birch Center',32.00,0),(172,13,88,'513-788-7719','543-54-0825','Geralda','Kesteven','5 Melrose Trail',32.00,0),(173,2,42,'118-966-6993','362-07-8646','Virgilio','Aldie','1 Swallow Place',50.00,0),(174,6,80,'904-226-4913','701-87-1769','Katha','Lascelles','794 Paget Place',38.00,1),(175,6,35,'556-643-0277','543-66-6673','Brittney','McEvay','6523 Clyde Gallagher Crossing',34.00,0),(176,6,40,'438-739-1644','816-90-0842','Raffaello','Ackerman','1 Kenwood Terrace',25.00,1),(177,2,75,'352-508-9540','280-68-5298','Wald','Ede','7 Comanche Way',22.00,0),(178,15,55,'153-530-9800','723-71-7021','Jaclyn','Stoad','1 Carey Drive',42.00,0),(179,13,74,'253-820-6893','528-49-4024','Lorenzo','Danilenko','38 Crowley Lane',49.00,0),(180,9,2,'438-960-6010','873-71-6760','Joelie','Tinsey','01059 Delaware Court',28.00,1),(181,12,92,'668-214-4161','607-11-8115','Bennie','Brogan','047 Dwight Plaza',17.00,0),(182,1,70,'120-660-1017','637-25-5740','Orelee','Hurworth','8 Sunnyside Crossing',17.00,0),(183,13,75,'607-319-3290','341-65-2781','Osgood','Whelan','4822 Warrior Parkway',18.00,1),(184,9,88,'134-634-9944','342-48-0779','Claudianus','Kelledy','0 Warrior Parkway',31.00,0),(185,5,21,'578-495-6752','308-75-3082','Lyda','Stigger','25525 Manufacturers Terrace',24.00,0),(186,13,42,'663-735-5874','343-63-9143','Jeniffer','Silbersak','12391 Fremont Lane',23.00,1),(187,8,10,'356-426-7698','433-12-7517','Merry','Rabbatts','02 Center Plaza',29.00,0),(188,2,52,'653-940-3095','431-33-2675','Lizbeth','Borrell','3010 Prairie Rose Avenue',17.00,0),(189,3,86,'294-246-6472','687-91-8472','Evania','Ivery','99539 Holmberg Way',37.00,1),(190,12,69,'310-793-7230','782-24-5357','Curry','Johnsson','15715 Scoville Point',33.00,0),(191,13,43,'352-371-4118','281-83-4567','Benn','Gurling','24 Prentice Circle',21.00,0),(192,12,73,'511-526-9928','582-49-5145','Mellisa','Bicheno','4599 Division Parkway',30.00,1),(193,3,73,'773-156-6107','707-18-9562','Frederik','Earle','4463 Dayton Alley',47.00,0),(194,9,14,'504-429-3856','891-76-3836','Aleda','Ashall','61668 Hauk Junction',37.00,1),(195,12,48,'447-152-7384','286-32-4898','Daron','Brade','25133 Westerfield Junction',45.00,1),(196,10,49,'924-366-3730','672-19-1784','Tanney','Mayoh','302 Macpherson Hill',43.00,1),(197,2,37,'978-740-1365','441-43-2741','Ibby','Flynn','42349 2nd Court',20.00,0),(198,1,17,'848-179-2912','790-53-7969','Hobey','Hawkeswood','3 Portage Crossing',40.00,1),(199,15,45,'502-628-1156','756-37-1559','Cherilynn','Pollendine','737 Bartillon Circle',31.00,1),(200,2,27,'904-785-5533','274-75-8492','Sonja','Sandells','37 Cottonwood Junction',32.00,1),(201,3,60,'817-916-4492','729-97-3706','Celestyna','Aldin','54 Sachtjen Point',45.00,0),(202,13,91,'407-970-5416','457-43-2574','Arel','Gellately','04830 Dexter Avenue',34.00,1),(203,3,1,'548-311-3027','535-29-0434','Madeline','Redsull','98965 Service Road',24.00,1),(204,11,80,'474-926-4444','359-36-0717','Susannah','Sink','62 Lien Avenue',23.00,1),(205,13,92,'424-227-9632','191-09-2392','Gwenny','Fessier','73 Lakewood Court',30.00,1),(206,5,53,'860-761-0141','228-22-6920','Loralie','Ferryn','5743 Eagan Park',50.00,0),(207,7,79,'776-344-3726','199-92-6812','Jim','Fowkes','562 Vidon Lane',23.00,1),(208,13,60,'354-770-2427','849-48-4768','Maisey','Dominec','18 Sachs Place',48.00,0),(209,3,19,'623-163-0725','110-07-0372','Joey','Sawney','343 Waxwing Drive',28.00,0),(210,2,38,'555-192-2601','533-12-0978','Laurens','Wycherley','87 Mesta Road',21.00,0),(211,15,56,'613-726-5673','366-52-3498','Madelaine','Trimme','45156 Merchant Street',17.00,0),(212,5,17,'545-942-5217','582-75-4524','Adena','Dinjes','12935 Bartelt Park',39.00,1),(213,11,33,'212-239-3250','736-55-7305','Phillis','Gelder','3 Sundown Crossing',46.00,1),(214,2,81,'192-743-0483','349-82-3969','Modestine','Kingscott','135 Stuart Place',25.00,0),(215,4,23,'609-669-1514','414-69-4739','Melva','McClurg','89132 Debra Road',41.00,1),(216,12,16,'197-653-3112','752-38-2872','Blayne','Redgrave','53 Acker Point',19.00,1),(217,9,75,'570-588-6169','542-20-8671','Alane','Wilmore','585 Dorton Road',36.00,0),(218,12,49,'747-373-6454','514-56-1651','Nikos','Katt','4 Pawling Circle',44.00,1),(219,4,52,'173-697-4114','540-30-5316','Tiffany','Purselow','5 Westridge Trail',44.00,0),(220,14,24,'654-898-7972','737-14-3374','Hort','Giacomo','26 Dawn Hill',41.00,1),(221,2,32,'320-802-6375','643-35-9221','Kat','Nock','75 Scofield Junction',49.00,1),(222,13,86,'826-782-0894','323-07-0749','Amata','Bennedsen','41 Atwood Road',39.00,1),(223,14,92,'185-776-1762','564-35-1667','Bordy','Calveley','88 Eggendart Street',25.00,0),(224,10,58,'440-279-7768','206-96-2956','Torin','Cammell','15392 Norway Maple Parkway',33.00,0),(225,13,98,'913-583-1323','382-72-5593','Dalston','Witherden','1 Grim Center',28.00,1),(226,11,70,'958-921-8482','407-89-8668','Minor','Tavernor','1567 Muir Point',21.00,0),(227,5,70,'675-161-2457','626-77-5429','Edwina','Minnette','5 Dryden Road',21.00,0),(228,1,36,'973-305-5596','759-51-6464','Sterne','Sheerin','1667 Debs Drive',36.00,1),(229,10,37,'818-331-1506','114-17-3513','Elbert','Wickendon','6 Jackson Junction',50.00,0),(230,7,52,'771-379-7831','620-73-6506','Basia','Mallabone','0 Village Avenue',40.00,1),(231,12,48,'370-400-2146','249-79-5275','Hamnet','Mackley','157 Spohn Terrace',28.00,1),(232,11,15,'795-604-6743','581-94-2228','Miquela','Shark','4 Crownhardt Junction',46.00,0),(233,15,15,'924-836-1916','306-34-4711','Berton','Haestier','843 Cordelia Pass',19.00,0),(234,12,86,'899-110-2838','728-80-3254','Alan','Angelo','89768 Forest Way',25.00,0),(235,11,63,'796-305-8362','775-12-4069','Modesta','Goretti','395 Jackson Plaza',23.00,1),(236,9,9,'937-444-0650','852-94-6461','Marshal','O\'Roan','3 Birchwood Alley',28.00,1),(237,11,96,'583-661-7732','888-75-4413','Lenora','Murgatroyd','65 Doe Crossing Road',37.00,1),(238,8,1,'734-293-4840','500-85-6796','Brewer','Dome','578 Moland Street',26.00,1),(239,8,61,'178-484-1139','375-17-3317','Heath','Leare','2739 Stephen Lane',45.00,0),(240,12,57,'418-972-7496','136-87-0023','Woodrow','Bunclark','367 Evergreen Street',37.00,1),(241,10,59,'428-704-2376','514-05-1301','Nelia','Bedlington','2988 Sheridan Parkway',25.00,0),(242,7,77,'592-437-7685','159-15-5642','Jereme','Stuehmeyer','3488 Scott Drive',23.00,0),(243,8,21,'265-956-9095','630-30-7314','Ginnie','Testro','947 Brickson Park Pass',24.00,1),(244,15,86,'724-944-6794','595-52-5602','Shaylyn','Calderon','9 Fordem Road',28.00,0),(245,6,60,'346-817-9348','142-89-9312','Kelwin','Jarred','792 Mitchell Hill',17.00,0),(246,3,33,'799-906-2373','717-09-7302','Crosby','Neeson','2 Thackeray Place',30.00,0),(247,6,44,'413-947-7973','323-72-3595','Bone','Garrals','353 High Crossing Hill',22.00,0),(248,15,47,'395-419-4637','709-18-9506','Vickie','Mansfield','538 Hudson Place',30.00,0),(249,9,49,'351-326-0083','896-34-2175','Jacquie','Sissel','4 Hanover Point',27.00,1),(250,2,11,'343-455-9385','747-15-5327','Emmaline','Poate','51261 Ilene Crossing',42.00,1),(251,4,97,'144-871-3452','469-44-2921','Arney','Medlin','6 Red Cloud Court',41.00,1),(252,2,29,'783-966-3291','829-42-0674','Cori','Nolot','986 Toban Terrace',20.00,1),(253,9,48,'121-685-8666','367-61-5622','Dominique','Lante','924 Almo Junction',42.00,1),(254,2,73,'180-169-0826','212-16-7097','Burch','Tewkesbury.','3 Delaware Court',30.00,0),(255,12,56,'973-140-5589','605-39-2731','Noella','Alpe','81717 Dottie Park',33.00,1),(256,7,31,'793-986-6908','387-53-5657','Oralia','Griffithe','2 Manufacturers Park',35.00,1),(257,13,90,'601-755-9984','569-49-1066','Denna','Spoure','30 Beilfuss Junction',17.00,1),(258,13,35,'411-651-2838','307-54-8399','Gabriel','Messer','66 Service Place',48.00,1),(259,5,5,'815-973-5250','343-42-6308','Christian','Acheson','9 Buena Vista Hill',42.00,1),(260,12,4,'809-724-1061','701-14-4636','Carmita','Hallford','193 Steensland Street',42.00,0),(261,5,33,'574-817-3219','544-41-4475','Kalindi','Chorley','661 Marquette Point',45.00,1),(262,5,100,'968-971-1190','863-50-0076','Hayley','Ohrtmann','3 Mayfield Court',35.00,0),(263,7,88,'300-716-7249','228-76-9896','Abbe','Neggrini','522 Toban Way',34.00,0),(264,7,22,'418-860-4872','187-02-0844','Daloris','Alwell','02898 Schiller Alley',29.00,0),(265,13,1,'923-169-6738','574-37-4206','Catie','Bewshaw','7 Columbus Pass',47.00,0),(266,12,84,'877-865-7986','590-19-6928','Tobe','Palke','8 Waywood Lane',15.00,1),(267,14,7,'507-121-1846','393-37-7047','Mommy','Habbes','2238 Mayer Plaza',39.00,0),(268,1,46,'432-584-0315','547-62-5509','Nerta','Laughren','6469 Acker Plaza',32.00,1),(269,5,1,'737-519-2433','374-12-1385','Rosabella','Dark','4908 Mifflin Circle',23.00,1),(270,9,46,'340-109-3233','170-21-7523','Kassie','Secombe','39 Sunbrook Plaza',20.00,0),(271,2,27,'171-869-0587','708-46-3973','Niven','Schistl','3 Kenwood Plaza',49.00,1),(272,11,33,'991-390-3502','572-34-4023','Mersey','Pettipher','9563 6th Plaza',31.00,1),(273,12,14,'332-541-0126','474-90-3035','Allys','Veltman','2277 Valley Edge Circle',37.00,1),(274,15,56,'209-264-2765','714-94-1570','Nonie','Mayger','8185 Katie Plaza',37.00,0),(275,1,79,'214-522-1585','341-51-2113','Tess','Sive','59 Maywood Center',24.00,1),(276,4,25,'842-278-8299','821-14-1859','Walker','Tims','5 Morrow Circle',27.00,0),(277,10,35,'259-727-1986','579-97-7589','Yoshi','Pendrid','5096 Miller Plaza',30.00,0),(278,3,31,'310-454-6407','520-83-4149','Judie','Tapsfield','6 Heath Junction',24.00,1),(279,9,52,'500-765-8244','850-49-0990','Lincoln','Aleshintsev','8587 Evergreen Way',28.00,0),(280,10,73,'371-609-9380','159-08-3297','Jeth','Pfaffel','155 Waxwing Point',30.00,1),(281,3,84,'906-512-9894','608-86-4192','Bonnibelle','Malacrida','29 Rigney Parkway',21.00,0),(282,10,21,'354-336-7964','344-81-2074','Sigismund','Vear','41 Stang Drive',34.00,1),(283,2,85,'795-734-7831','706-53-2531','Wilburt','Hegge','66334 Dryden Court',18.00,0),(284,4,60,'741-395-1032','898-97-1997','Brigg','Valentim','68 Moland Trail',26.00,1),(285,6,67,'486-660-0321','327-54-6207','Hillard','Rothchild','943 Bultman Hill',41.00,1),(286,13,93,'755-601-9634','688-97-6855','Juliet','Danahar','00858 Bunting Terrace',44.00,1),(287,12,28,'310-723-6149','749-36-8053','Lauralee','Fumagall','85966 La Follette Pass',27.00,0),(288,9,67,'231-517-5593','855-08-9589','Zaria','Crowdace','248 Ryan Plaza',25.00,1),(289,6,46,'693-884-1540','767-81-1697','Etty','Itzchaki','64947 Corry Plaza',32.00,0),(290,15,28,'306-177-2977','788-25-2770','Goober','Markl','49 Basil Pass',18.00,1),(291,14,37,'110-811-0920','792-73-0335','Roman','Pollack','62 Dakota Trail',16.00,1),(292,13,32,'953-693-5354','789-49-6509','Uta','Siveyer','9830 Ramsey Plaza',26.00,0),(293,1,32,'553-307-9995','896-97-6153','Auroora','Timothy','5 International Alley',23.00,1),(294,9,45,'239-746-1462','878-80-7975','Ralph','Frontczak','0854 Farmco Plaza',42.00,0),(295,15,47,'304-813-4454','803-65-4664','Kristina','Ambrozik','680 Russell Park',16.00,1),(296,11,17,'285-998-5968','693-09-4641','Veronique','Hirsch','41350 Cardinal Circle',31.00,0),(297,6,54,'880-530-4440','308-99-8885','Blair','Northrop','65 Golden Leaf Alley',49.00,1),(298,5,90,'908-951-7283','256-30-9416','Carissa','Durand','17 Anzinger Trail',20.00,0),(299,3,71,'646-194-8934','429-76-0277','Erwin','Ponte','3 Mcguire Parkway',28.00,1),(300,4,56,'398-475-1353','130-84-6743','Carly','Lampart','2407 Charing Cross Hill',23.00,0),(301,2,25,'285-668-4963','452-72-3804','Kathy','Clemits','634 Butterfield Parkway',21.00,1),(302,2,81,'127-184-2866','681-91-8597','Lauretta','Ferrulli','3 Forest Dale Crossing',34.00,0),(303,3,74,'790-959-7470','164-04-7343','Winfred','Lunt','9 Mallory Road',48.00,0),(304,15,85,'591-571-4289','829-27-6695','Saundra','Sonschein','579 Kinsman Trail',25.00,1),(305,5,76,'775-135-5626','515-81-0762','Raven','Charlon','01860 Linden Court',21.00,1),(306,10,10,'598-225-4377','674-25-4309','Myra','Kolushev','7 Gina Park',24.00,1),(307,4,57,'822-624-3970','139-41-3903','Leo','Duffitt','95846 Pleasure Point',33.00,1),(308,15,93,'361-462-5315','161-93-2766','Karel','Guidetti','881 Tomscot Terrace',19.00,1),(309,10,45,'920-898-6383','374-67-6363','Killy','Yate','03 Shelley Lane',18.00,1),(310,8,86,'149-742-5439','818-94-7622','Basia','Treuge','333 Buhler Parkway',22.00,1),(311,3,18,'912-303-9878','810-98-2358','Vinny','Bass','1 Rutledge Hill',22.00,0),(312,2,21,'212-699-6561','164-36-9439','Dolores','Castelli','47292 Westerfield Center',31.00,0),(313,11,47,'778-198-7340','563-91-8912','Drake','Bointon','7 Harbort Circle',30.00,0),(314,11,84,'909-832-8787','162-73-1177','Jessy','Barnard','645 Merchant Avenue',44.00,1),(315,13,97,'429-728-7861','375-31-3829','Zebedee','Copley','9 Sachs Crossing',18.00,1),(316,14,48,'575-435-3834','585-31-8687','Eberhard','Brotherheed','9171 Memorial Parkway',45.00,0),(317,11,41,'235-398-9892','238-88-4984','Carey','Adan','70887 Riverside Hill',33.00,1),(318,2,65,'407-732-6051','712-18-7517','Bobbie','Cano','0 Bartillon Drive',39.00,1),(319,6,29,'587-646-4536','570-25-6364','Baillie','Sinncock','156 Surrey Parkway',22.00,0),(320,13,92,'621-296-7255','875-33-5643','Piotr','Spleving','129 Farragut Alley',18.00,0),(321,9,92,'733-431-2726','562-40-2032','Davey','Fance','92 Bartillon Trail',47.00,1),(322,12,32,'281-964-9611','311-84-6734','Errol','Phuprate','2432 Golf Course Place',22.00,1),(323,10,13,'890-894-9162','662-19-3072','Diana','Beeching','31095 Algoma Court',27.00,0),(324,4,41,'192-961-3527','534-75-4403','Abagail','Dowtry','229 Eggendart Hill',20.00,1),(325,3,93,'202-366-0618','651-98-7033','Stevena','Magill','0 Meadow Ridge Junction',21.00,1),(326,8,43,'141-693-6487','471-16-0655','Pearl','Touzey','0 Rockefeller Terrace',23.00,0),(327,5,65,'918-257-6086','264-90-4734','Harrietta','Grishukhin','14254 Mockingbird Hill',30.00,1),(328,12,63,'504-876-8567','709-87-8570','Elsworth','Barnard','9 Park Meadow Park',46.00,1),(329,1,37,'586-635-6171','237-26-9942','Wendeline','Cellone','4 Eagan Lane',19.00,0),(330,8,61,'123-402-1401','602-03-5869','Audrey','Seamen','712 Trailsway Road',32.00,0),(331,14,60,'907-442-3290','596-94-7272','Denna','Di Dello','513 Mallard Court',50.00,1),(332,2,42,'230-443-5783','226-32-6856','Cleveland','Brimm','485 Waubesa Hill',22.00,1),(333,15,57,'897-818-1580','847-24-8289','Arlyne','Aubrun','96089 Transport Place',36.00,0),(334,5,10,'631-197-6773','130-29-9220','Portie','Peterken','340 Ridgeway Street',45.00,1),(335,1,68,'254-989-6637','739-89-9983','Gerick','Randles','73228 Washington Center',44.00,0),(336,8,23,'323-162-3342','448-91-5623','Whittaker','Doblin','55 Dahle Court',18.00,0),(337,13,15,'282-495-6885','176-09-7440','Annetta','Parades','6415 Sloan Park',37.00,1),(338,14,39,'790-124-3534','523-64-2295','Sybyl','Netti','1 Drewry Plaza',43.00,1),(339,4,76,'967-351-5513','222-06-2560','Jerad','Jonczyk','98 Roxbury Point',36.00,1),(340,15,17,'653-952-7821','508-09-8625','Glen','Graine','2849 Kedzie Point',23.00,0),(341,13,19,'107-313-9464','761-87-6288','Benny','De Beauchemp','79 Raven Hill',46.00,0),(342,5,31,'138-810-2879','223-82-1378','Jaquenette','Kassidy','00 Del Mar Hill',37.00,0),(343,8,70,'121-126-3408','685-44-9367','Harp','Grenshiels','818 Weeping Birch Pass',46.00,1),(344,10,8,'130-857-0317','816-61-7697','Odie','Jury','64 Amoth Terrace',22.00,1),(345,15,5,'122-303-9380','110-34-7822','Alejandro','Fitzroy','24 Rigney Circle',34.00,1),(346,7,75,'773-163-9943','826-77-1129','Rudolph','Fladgate','50826 Evergreen Court',49.00,1),(347,8,74,'651-787-3507','817-23-9858','Judah','Stovell','901 Kensington Terrace',23.00,1),(348,7,32,'589-618-6620','276-85-7275','Ernie','Ollington','8510 Coleman Road',44.00,0),(349,13,30,'342-832-1471','426-57-2978','Harrison','Rathbourne','3911 Summerview Hill',32.00,0),(350,4,77,'917-359-8773','122-56-2470','Dre','Sehorsch','33 Prairie Rose Court',46.00,0),(351,14,82,'106-704-4900','153-03-8905','Artus','Garbutt','92 Hallows Place',25.00,0),(352,10,83,'849-332-0621','284-94-8729','Rhona','Darcey','7905 Autumn Leaf Street',17.00,1),(353,4,24,'987-569-6131','470-80-2045','Christiane','Ingry','8891 Sage Road',19.00,1),(354,5,4,'443-439-1659','227-69-0600','Mathew','Squire','7 Tennessee Parkway',41.00,0),(355,1,58,'333-777-1911','122-72-9580','Tiphanie','Macer','1600 Warbler Place',50.00,0),(356,1,52,'626-977-9050','401-69-8188','Aryn','McCullagh','718 Fuller Terrace',17.00,1),(357,5,54,'691-373-0825','234-25-7680','Kipp','Whife','67 Arkansas Terrace',38.00,1),(358,3,79,'530-876-0970','188-84-9523','Wylma','Fuller','42542 Grasskamp Drive',31.00,1),(359,14,91,'191-565-7896','175-77-5152','Dixie','Riddock','221 Cordelia Pass',18.00,0),(360,3,80,'986-242-6814','791-82-5930','Winfield','Bust','41119 Chinook Road',15.00,0),(361,2,43,'904-561-0068','832-50-0704','Rori','Bartlomiejczyk','0950 Del Sol Junction',48.00,0),(362,7,15,'830-232-7801','849-34-6733','Rhona','Wellbeloved','01794 Mandrake Trail',29.00,0),(363,6,42,'160-970-6435','793-55-7465','Kincaid','Molan','76 Truax Plaza',17.00,1),(364,1,3,'966-161-1128','876-36-5953','Lurline','Genery','38866 Schlimgen Trail',17.00,1),(365,14,73,'913-108-6293','165-55-5066','Rosene','Havers','2 Elka Parkway',25.00,0),(366,2,86,'580-462-8128','892-05-0930','Tammi','O\'Lochan','8553 Truax Parkway',25.00,1),(367,10,40,'314-745-8974','215-96-1953','Emlyn','Seine','7674 Pierstorff Parkway',36.00,1),(368,15,4,'308-672-0020','404-61-3110','Rita','Gratton','339 Dawn Street',21.00,1),(369,6,48,'537-931-2032','771-58-3174','Berenice','Baumann','690 Forest Dale Parkway',25.00,0),(370,15,79,'476-411-7429','465-83-9634','Eudora','Garrie','3 Cardinal Hill',24.00,0),(371,11,74,'421-204-2161','395-90-5034','Gus','Koeppke','85562 Fordem Road',39.00,1),(372,3,31,'394-126-7501','446-30-7196','Ada','Beahan','3 Ridge Oak Pass',40.00,1),(373,1,77,'341-708-1237','485-65-3909','Cristal','Bertholin','9 Walton Circle',45.00,1),(374,9,26,'643-772-4608','130-36-9074','Trevor','Rue','85741 Hazelcrest Terrace',48.00,1),(375,8,39,'788-132-1088','735-07-8190','Jacques','Mughal','36536 Nancy Pass',16.00,1),(376,10,7,'885-453-3254','683-10-9561','Romy','todor','3800 Reinke Trail',33.00,0),(377,13,23,'949-704-1302','279-41-3363','Mischa','Bozward','84 Huxley Court',19.00,1),(378,15,81,'983-928-2721','577-57-5913','Felicdad','Verrall','85 Morning Crossing',45.00,1),(379,11,12,'212-564-2457','556-02-9460','Adrianna','MacTimpany','150 Morrow Plaza',42.00,1),(380,2,97,'357-677-2358','203-82-6011','Tarah','Topling','66 Sundown Hill',16.00,0),(381,5,17,'914-831-4009','200-95-3340','Shoshana','Mariolle','32634 Bunker Hill Way',22.00,1),(382,12,57,'428-504-1701','115-75-8393','Dell','Penk','05 Texas Center',25.00,1),(383,5,57,'621-564-5096','205-80-5065','Linn','Grayley','7 Anzinger Point',36.00,0),(384,4,73,'466-447-1132','618-35-8751','Cornall','Porker','70 Brentwood Point',21.00,0),(385,12,69,'530-608-8902','436-84-6385','Darcie','McGuirk','491 Florence Avenue',33.00,1),(386,3,22,'285-633-0505','721-24-1012','Chloris','Hawkswood','3143 Luster Place',15.00,1),(387,14,57,'421-639-3029','781-21-8931','Kerby','Jeskins','34571 Randy Drive',27.00,1),(388,2,39,'389-418-4920','277-17-8230','Dot','Gebbe','12219 Hoepker Drive',40.00,1),(389,11,87,'536-644-1550','869-18-7485','Blakeley','Rennox','2 Division Drive',30.00,1),(390,13,17,'155-836-3452','744-44-0715','Leonie','Unstead','1 Kinsman Point',31.00,1),(391,3,63,'783-973-0372','130-22-8352','Raff','Manners','7 Continental Hill',22.00,1),(392,1,4,'658-221-1346','750-96-6618','Caleb','Kubal','62 Clemons Trail',46.00,0),(393,15,69,'777-108-5949','790-02-6780','Moyra','Gowling','5 Northwestern Road',28.00,1),(394,7,20,'110-766-6497','771-48-6990','Rosana','Gover','0243 Judy Street',16.00,0),(395,8,22,'677-793-4022','850-52-4323','Aeriell','Healing','84 Vernon Street',37.00,0),(396,11,26,'401-134-3329','764-02-2192','Roana','Gorman','6 Nelson Parkway',29.00,0),(397,14,45,'620-153-3948','362-92-3480','Kerby','Fellow','234 Eastlawn Crossing',29.00,0),(398,1,32,'682-233-6640','305-51-9150','Zebulen','Groundwator','18 Hanover Trail',38.00,1),(399,2,74,'590-121-9125','607-58-4314','Grier','Bunnell','000 High Crossing Road',36.00,0),(400,10,24,'102-204-1068','875-25-2019','Bernard','D\'Arrigo','0 Karstens Drive',24.00,1),(401,3,14,'352-605-2181','850-10-1393','Fayth','Matveyev','260 Hintze Park',36.00,1),(402,2,19,'836-208-3461','523-30-0653','Devlen','Ineson','63645 Erie Trail',33.00,1),(403,4,33,'120-748-5334','231-02-2712','Ethelyn','Echalie','334 Sachtjen Circle',50.00,1),(404,1,23,'109-631-6139','519-31-1671','Nisse','Denson','56 Myrtle Alley',39.00,0),(405,5,59,'479-364-8810','814-60-6041','Kari','Vaskin','2444 Bultman Lane',31.00,1),(406,8,93,'899-480-7376','127-51-2325','Grazia','Franklen','33848 Norway Maple Trail',33.00,0),(407,14,28,'250-510-3875','828-53-8463','Kristi','Kinnane','6 Toban Junction',28.00,0),(408,6,51,'774-571-6238','483-46-2930','Vivianne','Boocock','66 Memorial Court',15.00,1),(409,12,100,'656-408-8288','154-56-7743','Gerrilee','Macourek','009 1st Crossing',35.00,0),(410,12,70,'711-358-1528','393-69-1405','Engracia','Helleckas','99843 Iowa Parkway',47.00,1),(411,13,4,'881-878-1910','220-55-7080','Webb','Adam','800 Maryland Way',31.00,0),(412,12,22,'547-719-6966','429-78-2563','Jacynth','Roust','0 Moose Pass',40.00,0),(413,9,68,'831-442-5399','347-29-6942','Tedi','Ambrogi','234 Jackson Crossing',39.00,0),(414,5,97,'867-568-5661','346-26-8216','Meaghan','Mully','61227 Graceland Plaza',47.00,1),(415,8,8,'936-787-3033','515-03-8214','Bendix','Verson','1083 Eastlawn Crossing',48.00,0),(416,7,48,'160-684-0198','490-76-2795','Minda','Regnard','9 Aberg Pass',41.00,1),(417,6,80,'172-169-8807','518-54-7649','Junie','Rolfe','86112 Ronald Regan Avenue',39.00,0),(418,15,56,'200-359-5460','430-25-9204','Hal','Menure','6 American Ash Road',43.00,1),(419,2,27,'759-260-7921','543-37-6104','Marje','Gillebert','009 Schurz Point',30.00,1),(420,2,91,'605-474-3196','550-48-0692','Maurizia','Pohling','0 Morning Crossing',43.00,1),(421,14,64,'805-349-7245','881-50-1444','Angele','Dennehy','4808 Katie Plaza',29.00,0),(422,9,93,'469-605-0331','175-81-2450','Torey','Lalley','0 Northland Hill',45.00,0),(423,12,33,'438-508-2756','206-52-4191','Lazar','Wyant','240 Nevada Hill',23.00,0),(424,6,86,'181-565-4769','892-94-9046','Maud','Bartosiak','5 Valley Edge Court',23.00,1),(425,2,80,'252-404-4777','334-84-6871','Sigvard','Dowsett','279 Jenna Road',48.00,0),(426,7,14,'929-939-1736','217-69-8727','Catrina','Blemings','44510 Steensland Point',28.00,1),(427,7,57,'790-184-1073','787-26-3646','Merle','Stedmond','4 Buena Vista Center',26.00,1),(428,3,35,'392-518-8911','479-86-9354','Claudianus','Poleykett','63986 Sunfield Hill',38.00,0),(429,13,65,'756-723-3235','781-62-1396','Wynny','Vannikov','82265 Mallard Plaza',41.00,0),(430,3,4,'962-127-8922','621-52-2845','Nikki','Ebbles','343 North Avenue',15.00,1),(431,9,27,'230-415-8739','239-53-6655','Sharron','Blues','1544 Blackbird Crossing',27.00,1),(432,2,23,'378-743-6834','351-28-1553','Keven','Scoates','9525 Southridge Drive',30.00,1),(433,3,78,'877-811-2653','410-69-6218','Wiley','Trahair','35 Chinook Avenue',17.00,0),(434,9,39,'265-427-4502','381-24-6136','Brittany','Sketh','18341 Buhler Center',38.00,0),(435,1,30,'105-177-0148','381-93-0915','Bobby','Eccleshall','51 Summit Center',46.00,0),(436,11,45,'931-335-1498','717-08-8515','Wes','Brice','7774 Cardinal Plaza',35.00,1),(437,4,10,'157-155-6643','318-88-7604','Locke','Meneo','888 Oak Place',42.00,1),(438,2,100,'261-983-7961','524-93-2711','Camile','Osmond','4933 Stuart Lane',46.00,0),(439,3,77,'302-176-8349','487-29-5728','Tudor','Cuerdale','4 Sheridan Drive',46.00,1),(440,1,40,'111-475-6501','746-99-4420','Fifine','Kraut','9091 Superior Point',17.00,1),(441,12,26,'690-884-9607','712-31-0031','Berk','Blondel','05387 Swallow Lane',36.00,0),(442,7,9,'755-101-8781','309-28-6763','Dagmar','Croster','2199 Portage Crossing',45.00,1),(443,10,72,'413-122-3646','609-05-8258','Yolanda','Goracci','7240 Old Gate Park',39.00,0),(444,7,37,'129-928-2907','166-67-6468','Ross','Dayes','0 School Street',44.00,1),(445,5,86,'921-270-1125','323-15-1461','Winnifred','Chifney','26054 Prentice Hill',28.00,0),(446,13,77,'732-624-3984','264-02-4073','Minnie','Hampshire','29821 Eliot Crossing',17.00,0),(447,13,48,'987-385-9939','699-79-0348','Israel','Kilmartin','54919 Sachtjen Court',39.00,1),(448,14,19,'271-753-9553','490-83-6622','Vi','Lochhead','264 3rd Center',21.00,0),(449,15,77,'618-739-6328','476-93-6472','Hanni','Horrigan','09377 New Castle Crossing',46.00,0),(450,1,40,'971-697-8065','847-16-6278','Zora','Offen','2 Meadow Ridge Parkway',38.00,1),(451,7,90,'237-813-7597','267-90-0681','Todd','Shotter','959 Hallows Place',39.00,1),(452,15,49,'407-550-8466','508-15-7197','Iseabal','Bartholin','3763 Victoria Place',46.00,0),(453,8,88,'588-338-2910','650-32-7301','Kendell','Panting','9 Dunning Park',34.00,0),(454,8,84,'117-293-1245','432-29-9475','Pegeen','McFayden','335 Derek Court',42.00,1),(455,15,81,'445-596-8358','861-64-7504','Keefe','Cadwaladr','43 Haas Crossing',43.00,1),(456,11,92,'815-194-6576','144-08-1016','Nial','O\'Cleary','24 Hovde Alley',24.00,0),(457,12,96,'101-797-7932','413-32-6983','Nelly','Mathon','9 Sherman Junction',50.00,0),(458,4,38,'103-892-4438','863-71-4080','Benjy','Gounard','8202 Weeping Birch Parkway',15.00,1),(459,15,95,'723-552-2816','120-41-2257','Audra','Suermeiers','1 Di Loreto Pass',42.00,1),(460,7,88,'762-678-8022','784-14-4412','Dre','O\'Bradane','123 Orin Park',18.00,0),(461,5,27,'408-792-7708','399-20-6455','Delmer','Baum','8 Bunting Road',23.00,1),(462,14,18,'965-682-7795','453-71-8365','Annnora','Ventum','31345 Dorton Terrace',30.00,0),(463,1,68,'629-435-2960','467-57-6136','Dorry','Jobes','1 Welch Pass',43.00,0),(464,6,47,'158-685-3211','100-54-3908','Denys','Colaton','79815 Banding Parkway',32.00,0),(465,11,64,'511-329-5769','594-86-8337','Whittaker','Crinage','07778 Dahle Avenue',23.00,1),(466,13,69,'440-467-7675','543-81-2000','Leroi','Baistow','3551 Oak Circle',17.00,1),(467,10,7,'430-449-8141','590-37-7837','Rubi','Megroff','859 Eliot Crossing',19.00,1),(468,5,40,'491-273-6390','788-55-4300','Rahal','Freeborne','24842 Red Cloud Junction',43.00,1),(469,9,42,'183-519-6797','379-55-1423','Genna','Caldwell','2678 Jackson Point',24.00,0),(470,6,39,'844-752-4437','731-63-8683','Tiff','Cunah','2313 Arizona Junction',50.00,1),(471,7,95,'976-863-9582','226-28-0940','Darnell','Sylvaine','93 Lerdahl Alley',29.00,0),(472,14,80,'985-941-0253','383-66-0806','Hilly','Antcliffe','3 Gateway Hill',28.00,1),(473,11,88,'952-315-4278','141-37-1656','Winnie','Le Provost','0 Grasskamp Drive',47.00,1),(474,11,55,'273-138-9057','809-70-7432','Any','Torrejon','903 Kim Avenue',15.00,0),(475,10,33,'178-675-6971','218-06-6804','Wendye','Bailey','79743 Graedel Plaza',21.00,1),(476,15,13,'999-636-6028','839-64-1950','Keeley','Mackriell','37796 Fordem Trail',47.00,0),(477,13,74,'957-856-8978','892-28-1897','Rowney','Callaby','35 Farwell Court',28.00,0),(478,8,36,'153-275-5782','696-76-2166','Adey','Varley','111 Talisman Terrace',24.00,0),(479,7,100,'310-466-2872','859-82-8977','Ethelda','Swinfon','865 1st Center',38.00,0),(480,5,96,'457-448-4579','862-09-2462','Elvyn','Seedhouse','8996 Fieldstone Terrace',26.00,1),(481,6,65,'184-623-9234','887-39-2434','Horatio','Dedman','53486 Harper Plaza',36.00,0),(482,11,70,'663-634-1100','821-04-7188','Darb','Guichard','37 Memorial Parkway',47.00,0),(483,11,50,'963-246-1423','273-95-8831','Kienan','Scarfe','564 Quincy Center',26.00,1),(484,12,87,'625-214-3942','138-10-4958','Bette-ann','Schimmang','0375 Corry Point',36.00,1),(485,11,82,'303-105-9606','899-86-2557','Emanuel','Standon','03 Susan Crossing',31.00,0),(486,2,43,'432-518-5935','371-19-4549','Davina','Pougher','64692 Maple Wood Street',35.00,0),(487,6,6,'103-185-6829','789-41-6520','Dix','Melendez','28842 Kim Park',17.00,1),(488,1,48,'962-691-1644','298-51-2909','Eddie','Izhakov','3 Knutson Pass',18.00,1),(489,7,23,'178-305-9421','720-09-2981','Bev','Dalbey','1788 Ryan Plaza',22.00,1),(490,14,58,'437-365-1788','608-74-2531','Pedro','Rohloff','92497 Elka Terrace',31.00,1),(491,11,19,'254-558-9406','298-19-8108','Hailee','Siddon','15 Buhler Court',33.00,0),(492,13,76,'490-426-0613','129-92-3610','Michaelina','Sherrin','39 Corben Pass',37.00,0),(493,13,48,'100-591-1816','189-47-9695','Tracey','Allaker','5 Sundown Court',47.00,1),(494,13,51,'979-349-4460','867-92-5672','Perri','Baison','163 Village Place',40.00,0),(495,1,76,'250-588-7621','865-55-2002','Jeanette','Sleit','31330 Bobwhite Avenue',36.00,1),(496,8,70,'378-773-5917','680-05-1990','Theodor','Habbema','592 Thackeray Circle',18.00,1),(497,6,75,'401-582-2139','426-94-3943','Rourke','Spere','9432 Hoffman Point',19.00,0),(498,8,44,'588-429-8061','244-51-4745','Ibbie','Gallymore','6066 La Follette Street',18.00,0),(499,9,65,'500-913-9352','373-39-3217','Braden','Van der Kruys','50 Huxley Terrace',23.00,0),(500,11,49,'843-609-2705','657-56-1794','Ariadne','Roddy','7919 Roth Park',16.00,0);
/*!40000 ALTER TABLE `employee` ENABLE KEYS */;
UNLOCK TABLES;

--
-- Table structure for table `item`
--

DROP TABLE IF EXISTS `item`;
/*!40101 SET @saved_cs_client     = @@character_set_client */;
/*!50503 SET character_set_client = utf8mb4 */;
CREATE TABLE `item` (
  `item_id` int NOT NULL AUTO_INCREMENT,
  `category_id` int NOT NULL,
  `name` varchar(50) NOT NULL,
  `description` text,
  `brand` varchar(50) DEFAULT NULL,
  PRIMARY KEY (`item_id`),
  KEY `category_id` (`category_id`),
  CONSTRAINT `item_ibfk_1` FOREIGN KEY (`category_id`) REFERENCES `category` (`category_id`)
) ENGINE=InnoDB AUTO_INCREMENT=312 DEFAULT CHARSET=utf8mb4 COLLATE=utf8mb4_0900_ai_ci;
/*!40101 SET character_set_client = @saved_cs_client */;

--
-- Dumping data for table `item`
--

LOCK TABLES `item` WRITE;
/*!40000 ALTER TABLE `item` DISABLE KEYS */;
INSERT INTO `item` VALUES (1,20,'Basil','','other'),(2,16,'Fries / Tater tots','','kwikmart'),(3,14,'Hummus','','kwikmart'),(4,6,'Diapers','','kwikmart'),(5,11,'Vitamins / Supplements','','kwikmart'),(6,12,'Pepper','','kwikmart'),(7,16,'Burritos','','other'),(8,6,'Wipes','','kwikmart'),(9,24,'Pasta sauce','','kwikmart'),(10,5,'Flowers / Greeting card','','kwikmart'),(11,7,'Cookies','','kwikmart'),(12,25,'Pasta','','kwikmart'),(13,12,'Cauliflower','','kwikmart'),(14,15,'Turkey','','kwikmart'),(15,13,'Antibiotic','','kwikmart'),(16,11,'Toilet paper','','kwikmart'),(17,20,'Garlic','','kwikmart'),(18,12,'Cucumber','','kwikmart'),(19,11,'Antiperspirant / Deodorant','','kwikmart'),(20,12,'Zucchini','','kwikmart'),(21,25,'Mac & cheese','','kwikmart'),(22,12,'Mushroom','','kwikmart'),(23,5,'Light bulbs','','other'),(24,12,'Potatoe','','kwikmart'),(25,10,'Sponges / Scrubbers','','kwikmart'),(26,23,'Arsenic','','kwikmart'),(27,19,'Ricotta','','kwikmart'),(28,15,'Beef','','kwikmart'),(29,12,'Squash','','kwikmart'),(30,15,'Bacon / Sausage','','kwikmart'),(31,20,'Oregano','','kwikmart'),(32,3,'Printer paper','','kwikmart'),(33,21,'Tomatoes','','kwikmart'),(34,8,'Whipped cream','','kwikmart'),(35,25,'Vegetable oil','','kwikmart'),(36,16,'TV dinners','','kwikmart'),(37,19,'Provolone','','kwikmart'),(38,9,'Peaches','','kwikmart'),(39,1,'Beer','','kwikmart'),(40,12,'Mushroom','','other'),(41,10,'Air freshener','','kwikmart'),(42,3,'Notepad / Envelopes','','kwikmart'),(43,21,'Olives','','kwikmart'),(44,21,'Tuna / Chicken','','kwikmart'),(45,26,'Fresh bread','','kwikmart'),(46,11,'Sunblock','','kwikmart'),(47,26,'Pita bread','','other'),(48,5,'Light bulbs','','other'),(49,12,'Asparagus','','kwikmart'),(50,9,'Berries','','kwikmart'),(51,2,'Tilapia','','other'),(52,25,'Cereal','','kwikmart'),(53,7,'Pretzels','','kwikmart'),(54,26,'Bagels / Croissants','','kwikmart'),(55,4,'Spaghetti night','','kwikmart'),(56,18,'Paper towels','','kwikmart'),(57,25,'Bouillon cubes','','other'),(58,5,'Insect repellent','','kwikmart'),(59,1,'Whiskey','','kwikmart'),(60,19,'Swiss','','kwikmart'),(61,11,'Toothpaste','','kwikmart'),(62,6,'Formula','','kwikmart'),(63,12,'Asparagus','','other'),(64,2,'Tilapia','','kwikmart'),(65,1,'Champagne','','kwikmart'),(66,17,'Cake icing / Decorations','','kwikmart'),(67,1,'Sak','','kwikmart'),(68,18,'Sandwich / Freezer bags','','kwikmart'),(69,2,'Mussels','','kwikmart'),(70,11,'Hair gel / Spray','','kwikmart'),(71,7,'Candy / Gum','','kwikmart'),(72,13,'Antacid','','kwikmart'),(73,5,'Charcoal / Propane','','kwikmart'),(74,22,'Cat food / Treats','','kwikmart'),(75,16,'Burritos','','kwikmart'),(76,17,'Sugar','','kwikmart'),(77,13,'Cold / Flu / Sinus','','kwikmart'),(78,22,'Flea treatment','','kwikmart'),(79,17,'Shortening','','kwikmart'),(80,6,'Formula','','other'),(81,26,'Pie! Pie! Pie!','','kwikmart'),(82,19,'Cheddar','','kwikmart'),(83,14,'Chip dip','','kwikmart'),(84,21,'Soup / Chili','','kwikmart'),(85,9,'Melon','','kwikmart'),(86,12,'Tomatoe','','kwikmart'),(87,24,'Salad dressing','','kwikmart'),(88,24,'Ketchup / Mustard','','kwikmart'),(89,5,'Batteries','','other'),(90,20,'Paprika','','kwikmart'),(91,21,'Veggies','','kwikmart'),(92,3,'Postage stamps','','kwikmart'),(93,20,'Mint','','other'),(94,22,'Cat litter','','kwikmart'),(95,17,'Yeast','','other'),(96,12,'Lettuce / Greens','','kwikmart'),(97,12,'Celery','','kwikmart'),(98,25,'Pickles','','kwikmart'),(99,25,'Vinegar','','kwikmart'),(100,9,'Oranges','','kwikmart'),(101,11,'Cosmetics','','kwikmart'),(102,14,'Ready-bake breads','','kwikmart'),(103,16,'Vegetables','','kwikmart'),(104,22,'Dog food / Treats','','kwikmart'),(105,5,'Light bulbs','','kwikmart'),(106,4,'Pizza night','','kwikmart'),(107,2,'Lobster','','kwikmart'),(108,24,'Mayonnaise','','kwikmart'),(109,4,'Taco night','','kwikmart'),(110,13,'Antidiarrheal','','kwikmart'),(111,2,'Shrimp','','kwikmart'),(112,17,'Cake / Brownie mix','','kwikmart'),(113,9,'Bananas','','kwikmart'),(114,20,'Black pepper','','kwikmart'),(115,16,'TV dinners','','other'),(116,8,'Cottage cheese','','kwikmart'),(117,13,'Allergy','','kwikmart'),(118,8,'Milk','','kwikmart'),(119,16,'Fish sticks','','kwikmart'),(120,11,'Razors / Shaving cream','','kwikmart'),(121,5,'Charcoal / Propane','','kwikmart'),(122,4,'Chili night','','kwikmart'),(123,1,'Sports drink','','kwikmart'),(124,8,'Butter / Margarine','','kwikmart'),(125,9,'Nectarines','','kwikmart'),(126,6,'Baby wash','','kwikmart'),(127,18,'Non-stick spray','','kwikmart'),(128,24,'Gravy','','kwikmart'),(129,5,'Batteries','','kwikmart'),(130,1,'Sports drink','','other'),(131,20,'Cilantro','','kwikmart'),(132,23,'Vinyl chloride','','kwikmart'),(133,14,'Eggs / Fake eggs','','kwikmart'),(134,11,'Bath soap / Hand soap','','kwikmart'),(135,15,'Ground beef / Turkey','','kwikmart'),(136,13,'Band-aids / Medical','','kwikmart'),(137,14,'Chip dip','','other'),(138,12,'Carrots','','kwikmart'),(139,8,'Yogurt','','kwikmart'),(140,13,'Pain reliever','','kwikmart'),(141,11,'Cotton swabs / Balls','','kwikmart'),(142,8,'Half & half','','kwikmart'),(143,9,'Grapes','','other'),(144,17,'Bread crumbs','','kwikmart'),(145,20,'Ginger','','kwikmart'),(146,5,'Light bulbs','','kwikmart'),(147,12,'Broccoli','','kwikmart'),(148,10,'Glass cleaner','','kwikmart'),(149,2,'Salmon','','kwikmart'),(150,1,'Rum','','kwikmart'),(151,23,'Cigarettes','','kwikmart'),(152,1,'Soda pop','','other'),(153,7,'Oatmeal','','kwikmart'),(154,7,'Nuts / Seeds','','kwikmart'),(155,1,'Club soda / Tonic','','kwikmart'),(156,20,'Cinnamon','','kwikmart'),(157,25,'Lemon / Lime juice','','kwikmart'),(158,22,'Cat litter','','other'),(159,3,'Glue / Tape','','kwikmart'),(160,18,'Napkins','','kwikmart'),(161,21,'Applesauce','','kwikmart'),(162,4,'Take-out deli food','','kwikmart'),(163,5,'Newspaper / Magazine','','kwikmart'),(164,22,'Pet shampoo','','other'),(165,1,'Red wine / White wine','','other'),(166,5,'Random impulse buy','','kwikmart'),(167,24,'Mayonnaise','','other'),(168,17,'Shortening','','other'),(169,24,'Syrup','','kwikmart'),(170,1,'Soda pop','','kwikmart'),(171,9,'Avocados','','kwikmart'),(172,15,'Chicken','','kwikmart'),(173,13,'Aspirin','','kwikmart'),(174,24,'Honey','','kwikmart'),(175,10,'Garbage bags','','other'),(176,16,'Breakfasts','','kwikmart'),(177,21,'Tinned meats','','kwikmart'),(178,25,'Rice','','kwikmart'),(179,15,'Turkey','','other'),(180,25,'Tea','','kwikmart'),(181,15,'Beef','','other'),(182,1,'Gin','','kwikmart'),(183,5,'Random impulse buy','','kwikmart'),(184,14,'Tofu','','kwikmart'),(185,19,'Sandwich slices','','kwikmart'),(186,9,'Plums','','kwikmart'),(187,20,'Red pepper','','kwikmart'),(188,15,'Lunchmeat','','kwikmart'),(189,9,'Grapes','','kwikmart'),(190,14,'English muffins','','kwikmart'),(191,5,'Automotive','','kwikmart'),(192,2,'Tuna','','kwikmart'),(193,16,'Pizza','','kwikmart'),(194,11,'Facial cleanser','','kwikmart'),(195,20,'Oregano','','other'),(196,24,'BBQ sauce','','other'),(197,5,'Insect repellent','','kwikmart'),(198,7,'Popcorn','','kwikmart'),(199,17,'Sugar','','other'),(200,1,'Vodka','','kwikmart'),(201,24,'Worcestershire sauce','','kwikmart'),(202,26,'Cake / Cookies','','kwikmart'),(203,19,'Bleu cheese','','kwikmart'),(204,6,'Baby food','','kwikmart'),(205,26,'Buns / Rolls','','kwikmart'),(206,24,'BBQ sauce','','kwikmart'),(207,24,'Relish','','kwikmart'),(208,14,'Tortillas','','kwikmart'),(209,14,'Bagels','','other'),(210,18,'Aluminum foil','','kwikmart'),(211,19,'Cream cheese','','kwikmart'),(212,15,'Hot dogs','','kwikmart'),(213,8,'Sour cream','','kwikmart'),(214,11,'Shampoo / Conditioner','','kwikmart'),(215,19,'Feta','','kwikmart'),(216,25,'Bouillon cubes','','kwikmart'),(217,12,'Onion','','kwikmart'),(218,1,'Red wine / White wine','','kwikmart'),(219,11,'Facial tissue','','kwikmart'),(220,20,'Salt','','kwikmart'),(221,11,'Moisturizing lotion','','kwikmart'),(222,17,'Sugar substitute','','kwikmart'),(223,10,'Dish / Dishwasher soap','','kwikmart'),(224,11,'Feminine products','','kwikmart'),(225,10,'Air freshener','','other'),(226,12,'Corn','','kwikmart'),(227,11,'Mouthwash','','kwikmart'),(228,18,'Wax paper','','kwikmart'),(229,11,'Floss','','kwikmart'),(230,25,'Olive oil','','kwikmart'),(231,5,'Automotive','','kwikmart'),(232,13,'Prescription pick-up','','kwikmart'),(233,25,'Packaged meals','','kwikmart'),(234,1,'Mixers','','kwikmart'),(235,24,'Soy sauce','','kwikmart'),(236,19,'Mozzarella','','kwikmart'),(237,20,'Mint','','kwikmart'),(238,20,'Parsley','','kwikmart'),(239,17,'Baking powder / Soda','','kwikmart'),(240,24,'Steak sauce','','other'),(241,16,'Ice cream / Sorbet','','kwikmart'),(242,22,'Flea treatment','','other'),(243,11,'Condoms / Other b.c.','','kwikmart'),(244,2,'Oysters','','kwikmart'),(245,14,'Bagels','','kwikmart'),(246,9,'Nectarines','','other'),(247,16,'Popsicles','','other'),(248,1,'Juice','','other'),(249,9,'Lemons / Limes','','kwikmart'),(250,10,'Mop head / Vacuum bags','','kwikmart'),(251,9,'Apples','','kwikmart'),(252,12,'Spinach','','other'),(253,26,'Sliced bread','','kwikmart'),(254,1,'Juice','','kwikmart'),(255,18,'Plastic wrap','','kwikmart'),(256,2,'Crab','','kwikmart'),(257,5,'Flowers / Greeting card','','kwikmart'),(258,15,'Ham / Pork','','kwikmart'),(259,26,'Donuts / Pastries','','kwikmart'),(260,25,'Instant potatoes','','kwikmart'),(261,20,'Salt','','other'),(262,21,'Fruit','','kwikmart'),(263,6,'Lotion','','kwikmart'),(264,10,'Garbage bags','','kwikmart'),(265,7,'Crackers','','kwikmart'),(266,9,'Grapefruit','','kwikmart'),(267,26,'Pita bread','','kwikmart'),(268,19,'Cream cheese','','other'),(269,17,'Flour','','kwikmart'),(270,14,'Fruit juice','','kwikmart'),(271,10,'Bleach / Detergent','','kwikmart'),(272,11,'Lip balm','','kwikmart'),(273,19,'Goat cheese','','kwikmart'),(274,19,'Parmesan','','kwikmart'),(275,21,'Baked beans','','kwikmart'),(276,3,'Pens / Pencils','','kwikmart'),(277,17,'Yeast','','kwikmart'),(278,16,'Pizza Rolls','','kwikmart'),(279,4,'Take-out deli food','','other'),(280,23,'Asbestos','','kwikmart'),(281,2,'Catfish','','kwikmart'),(282,19,'Cottage cheese','','kwikmart'),(283,23,'Radionuclides','','kwikmart'),(284,9,'Cherries','','kwikmart'),(285,16,'Popsicles','','kwikmart'),(286,24,'Jam / Jelly / Preserves','','kwikmart'),(287,21,'Broth','','kwikmart'),(288,10,'Dish / Dishwasher soap','','other'),(289,20,'Vanilla extract','','kwikmart'),(290,22,'Pet shampoo','','kwikmart'),(291,5,'Batteries','','kwikmart'),(292,7,'Granola bars / Mix','','kwikmart'),(293,7,'Crackers','','other'),(294,24,'Salsa','','kwikmart'),(295,3,'CDRs / DVDRs','','kwikmart'),(296,10,'Bathroom cleaner','','kwikmart'),(297,25,'Pancake / Waffle mix','','kwikmart'),(298,20,'Basil','','kwikmart'),(299,12,'Spinach','','kwikmart'),(300,25,'Peanut butter','','kwikmart'),(301,5,'Newspaper / Magazine','','kwikmart'),(302,4,'Burger night','','kwikmart'),(303,24,'Steak sauce','','kwikmart'),(304,25,'Coffee / Filters','','kwikmart'),(305,7,'Potato / Corn chips','','kwikmart'),(306,17,'Chocolate chips / Cocoa','','kwikmart'),(307,9,'Pears','','kwikmart'),(308,16,'Juice concentrate','','kwikmart'),(309,24,'Hot sauce','','kwikmart'),(310,9,'Kiwis','','kwikmart'),(311,7,'Dried fruit','','kwikmart');
/*!40000 ALTER TABLE `item` ENABLE KEYS */;
UNLOCK TABLES;

--
-- Table structure for table `registered_customer`
--

DROP TABLE IF EXISTS `registered_customer`;
/*!40101 SET @saved_cs_client     = @@character_set_client */;
/*!50503 SET character_set_client = utf8mb4 */;
CREATE TABLE `registered_customer` (
  `phone_no` varchar(12) NOT NULL,
  `first_name` varchar(20) DEFAULT NULL,
  `last_name` varchar(20) DEFAULT NULL,
  `reward_points` int NOT NULL DEFAULT '0',
  PRIMARY KEY (`phone_no`)
) ENGINE=InnoDB DEFAULT CHARSET=utf8mb4 COLLATE=utf8mb4_0900_ai_ci;
/*!40101 SET character_set_client = @saved_cs_client */;

--
-- Dumping data for table `registered_customer`
--

LOCK TABLES `registered_customer` WRITE;
/*!40000 ALTER TABLE `registered_customer` DISABLE KEYS */;
INSERT INTO `registered_customer` VALUES ('100-736-5070','Trista','Widdecombe',99585),('101-207-7851','Mariya','Gathercoal',97654),('101-651-3763','Hal','Reddihough',27537),('101-797-7932','Nelly','Mathon',0),('102-155-0156','Avigdor','Ivanenko',55642),('103-857-8690','Levy','Fallens',2104),('103-879-8909','Cord','Bartalini',43720),('103-917-4388','Daron','Schuricht',66372),('104-546-0836','Sauncho','Nitto',1584),('105-428-3551','Loree','Horsey',72364),('106-286-9638','Eddie','Hatcher',52224),('106-319-7074','Chrystal','Cammocke',60746),('106-704-4900','Artus','Garbutt',0),('107-605-7255','Ashton','Duffet',30689),('107-941-3180','Mona','Domb',95784),('108-748-4405','Judah','Purslow',59274),('108-920-9787','Remus','Giacomo',58833),('109-559-7711','Chris','Beert',75396),('110-108-3523','Lorrayne','McElrath',35197),('113-273-2312','Carmelia','Mcettrick',69520),('113-419-7453','Brinna','Searston',55824),('114-411-6636','Rennie','Antyukhin',43027),('115-120-7671','Lola','Wentworth',61391),('117-315-2939','Halli','Doumerque',44318),('117-431-9744','Selby','Trunkfield',74075),('118-270-9878','Dorthy','Mobius',5514),('118-344-8981','Anallise','McComish',40564),('118-432-4017','Adah','Farncombe',93015),('118-504-8845','Cad','Mackilpatrick',11487),('118-731-2294','Robinet','Beteriss',30103),('120-180-7324','Poul','Godspeede',82630),('120-522-4016','Mitzi','Bottomley',68542),('121-587-5055','Ethelbert','Ferraro',84967),('122-501-3850','Lyndy','Jolly',85860),('122-576-0858','Hew','Leman',41644),('123-402-1401','Audrey','Seamen',0),('124-126-3414','Dosi','Mathiassen',6293),('124-614-1190','Vergil','Pellew',10677),('125-432-5162','Olva','Breadmore',73192),('126-368-1710','Marieann','Giovanizio',88197),('128-505-5306','Genevieve','Petrichat',8497),('128-657-7335','Drusie','Le Fevre',41508),('131-222-8102','Nadean','Lyddiard',11506),('131-225-8405','Lee','Hultberg',10903),('133-422-6446','Sada','Ropars',43399),('135-682-7733','Charmain','Korneev',42620),('136-252-3831','Chloette','Slad',57109),('137-196-4083','Carry','Troke',57399),('137-736-5126','Emlyn','Junes',88494),('137-901-4237','Elka','Janecek',42468),('137-918-0039','Carolus','Tromans',99036),('137-966-6324','Pavla','Phlipon',21091),('137-980-5667','Tiphanie','Purton',95066),('138-537-4560','Ancell','Vasiltsov',65514),('139-181-3999','Kerk','Schimke',30213),('140-508-4483','Myranda','Manion',19239),('142-369-7719','Elvin','Delacourt',69065),('142-589-3438','Reginald','Goodson',17142),('143-182-6426','Thalia','Bryden',11094),('144-216-3824','Dannye','Peyzer',49783),('144-419-2372','Olenolin','Copley',75000),('149-584-5236','Therine','Vickars',58056),('151-164-6861','Jill','Checketts',15320),('152-227-3262','Rodd','Goatcher',70460),('152-567-9404','Kellia','Newlove',69308),('155-345-1195','Mandel','Hudel',27736),('156-669-3928','Shawn','Hurran',53668),('157-465-9119','Maire','Pitkeathly',87511),('157-496-8200','Blaire','Corzon',22049),('157-602-8690','Dahlia','Barlthrop',58103),('157-613-0205','Gil','de Almeida',76137),('157-661-4156','Charlean','Dallman',55178),('158-277-4518','Gerome','Severs',92617),('159-100-4706','Mannie','Eard',43580),('159-617-2841','Sande','Houseman',99917),('159-982-4798','Meggi','Grund',61197),('160-343-5271','Fraze','Adamovsky',92326),('160-485-1552','Dan','Bowick',7336),('161-178-7883','Darleen','Heugle',98143),('161-325-7563','Adrianna','Flello',8451),('161-724-0458','Shawnee','Fockes',33433),('162-685-2476','Phaidra','Pringuer',74346),('163-397-7097','Philbert','Guidini',77728),('165-321-5612','Jodi','Needham',3338),('165-760-8608','Ellyn','Ickovitz',20475),('166-233-4100','Ruthy','Peddersen',4667),('167-715-2407','Andrus','Biesinger',48512),('167-969-7411','Melody','Sturgeon',68141),('169-777-4571','Hortense','Golds',90897),('170-271-0430','Culver','Getsham',25628),('171-424-7207','Jacquenetta','Fessier',82221),('171-596-0070','Jannelle','Van Vuuren',3149),('172-444-0718','Marcela','Ivanisov',76787),('173-420-8953','Estele','Hamelyn',13277),('173-640-2480','Merline','Witty',88493),('177-133-3821','Wyn','Gutteridge',46359),('177-217-8156','Blinni','Maunton',18439),('177-972-1882','Stefania','Paute',74272),('178-484-1139','Heath','Leare',0),('180-392-2499','Zorana','Sclater',55854),('180-813-1273','Adan','Hillaby',64974),('180-920-1341','Fowler','Gomes',8945),('182-659-3100','Aggi','Daine',76183),('183-780-4417','Rey','Yesichev',13126),('184-615-8655','Andie','Bartoszewicz',46460),('186-145-2874','Chet','Naul',74027),('186-334-1636','Giselbert','Jamot',2224),('186-868-8596','Cob','Novelli',90289),('188-251-7372','Friederike','Bamb',99130),('188-286-8261','Gertruda','Klimov',8582),('188-747-0025','Anne-marie','Esch',8530),('190-541-5791','Pamella','Hedin',80119),('190-991-4092','Herve','Dyerson',46077),('191-817-8151','Faustina','Gaytor',31679),('192-720-7035','Onfre','Anespie',30855),('194-751-0914','Chicky','Linny',42298),('195-207-3225','Franky','Villar',56177),('195-360-7312','Fiorenze','Reveland',57546),('195-479-0683','Anabel','Karet',31642),('196-707-8618','Lemmie','Woolam',14508),('197-166-8496','Ryann','Goede',6815),('197-615-2484','Kittie','Wilmington',63234),('198-366-1514','Smith','Maslen',41962),('198-889-2474','Pia','Dybell',72913),('198-978-8690','Cathy','Drinnan',1681),('199-222-8582','Wally','Cordero',1905),('200-425-4764','Gilda','Turmell',43650),('201-319-6773','Sofie','Bustin',23310),('201-447-9644','Felicle','Huddart',82068),('203-993-6994','Atalanta','Hark',59847),('205-849-6608','Lindsey','Driver',40543),('206-123-2822','Esmaria','Seally',83548),('206-132-6538','Laney','Adlem',75093),('206-938-4007','Adena','Gravestone',17200),('207-639-5319','Wileen','Kitchenside',96072),('209-478-7999','Evangelin','Limpkin',78432),('209-687-2028','Tadeo','Cardenoza',49464),('210-458-1244','Clemente','MacRonald',31972),('210-490-8039','Cly','Eacott',91578),('212-538-1569','Kayley','Cuphus',77319),('212-940-6105','Nevin','Quilliam',87823),('214-845-4114','Kort','Merriott',31167),('215-977-4095','Magdalena','Son',30008),('216-206-5539','Bengt','Happert',11956),('217-349-4198','Cissy','Busch',65790),('217-542-3991','Blondy','Plan',70810),('218-306-4050','Koressa','Tennet',98525),('218-984-0200','Sibylla','Swannack',28582),('219-454-7754','Anne','Sculley',89746),('220-258-7100','Jerrilee','Shreve',78627),('220-347-3512','Nehemiah','Wildbore',71832),('224-847-5336','Drusi','Moxom',49503),('225-879-0979','Lori','Kiff',4496),('225-895-7986','Krystle','Dayborne',19526),('226-601-7865','Inessa','Aishford',5378),('226-765-4285','Tamra','Gilder',59246),('227-230-2629','Jaime','Chree',22546),('229-453-8885','Astra','Denziloe',92793),('229-504-8014','Sherri','Hakonsen',36863),('229-704-5196','Rudolf','Kleinstern',6051),('232-205-9138','Orelee','Kenlin',99088),('232-954-7659','Duffie','Crothers',53655),('232-972-9020','Stephani','Ferguson',38521),('233-962-9713','Thia','Jewster',35331),('235-340-2330','Carson','Roft',94458),('236-895-8087','Darrell','Biggerstaff',63654),('237-720-0604','Laural','Merkle',45763),('241-244-2966','Silvana','Renals',9621),('242-165-4182','Shay','Brimner',76145),('244-446-4610','Cash','Morgans',38676),('244-930-1631','Burt','Kings',68095),('245-297-2817','Edik','Mewis',64300),('245-515-2180','Marya','Antowski',31243),('247-583-4822','Jocelyne','Glandfield',60257),('247-766-5098','Libbi','Keaysell',75149),('248-325-4461','Archaimbaud','Barbara',60997),('248-658-8940','Henka','Von Salzberg',60063),('252-682-3084','Kelcie','Rennles',50624),('254-303-7495','Nina','Whiteway',92567),('255-110-8913','Carita','Candlin',55198),('258-375-1579','Valenka','Audibert',26342),('259-748-5490','Lisetta','Rennie',21018),('261-527-2806','Pepito','Scrammage',61066),('262-500-5944','Shanan','McGeoch',90982),('262-909-2383','Hanna','Corah',34718),('264-147-7350','Bernarr','Rentenbeck',58995),('264-381-0116','Janeva','De Anesy',2087),('264-537-4814','Goober','Wraighte',88068),('264-573-8222','Roddie','Teare',47835),('265-741-7658','Selina','Bohlens',59431),('266-250-6532','Felix','Albin',78072),('266-544-6988','Cos','Gever',14798),('267-735-5936','Koressa','Coveny',76778),('267-850-7936','Mortimer','Norton',48659),('268-438-8924','Kara','Byford',4180),('269-311-0127','Sebastian','Bengtsen',90711),('269-824-1012','Marta','Sparey',99811),('270-925-3011','Christoper','Thoresby',91086),('271-863-2118','Cello','Borman',52739),('272-481-5640','Elmo','Salvadore',42825),('272-515-8554','Dan','Hurling',73784),('274-411-7456','Randal','Pedel',46151),('275-353-1480','Ariel','Yankin',46834),('275-402-6100','Lenna','Piper',58519),('277-874-1763','Sheffy','Munson',66484),('281-193-7112','Jared','Spatoni',55595),('281-388-2269','Sula','Clinch',85746),('281-967-1979','Andrey','Veque',44938),('283-525-3641','Wesley','Farge',33573),('283-610-7928','Darya','Eadmead',78598),('284-390-7798','Peg','Veazey',31892),('285-144-8376','Florette','Docharty',71975),('286-233-6685','Roby','Boatwright',91606),('288-259-7975','Dasie','Douglas',28198),('289-364-8706','Pavla','Simonson',0),('289-659-0900','Otto','Jepensen',60191),('290-205-7913','Clive','Scally',24585),('290-596-4414','Bryant','Klemensiewicz',875),('290-974-6026','Kai','Seelbach',74782),('291-124-9321','Engracia','Titmuss',36598),('292-455-8513','Hubie','Stoke',1390),('293-441-5540','Shurlock','Zorzenoni',37781),('293-955-8375','Rolfe','Monnery',4245),('294-381-3669','Lucky','Attril',19265),('294-875-9431','Chas','Raftery',35151),('295-583-8798','Tricia','Killeley',79737),('296-361-0046','Krystal','Mehaffey',91180),('297-558-7552','Lemmie','Siderfin',19727),('297-723-4194','Bonnee','Gossart',4377),('299-979-0918','Paolo','Ropars',6888),('301-444-7801','Alethea','Blaw',63317),('301-887-6695','Karel','Cupper',78715),('302-213-2848','Nikolaos','Colquit',1133),('306-804-6581','Amaleta','Colaco',45944),('308-502-2182','Aylmar','Tebboth',57954),('308-986-5545','Shay','McCorkindale',11784),('309-113-4289','Cristy','Butterly',74483),('309-694-3252','Lois','Downes',10581),('311-580-8866','Arri','Kamien',74847),('312-352-4192','Baron','Killelay',61737),('312-507-6093','Maribel','Elleton',38974),('313-341-1957','Sharity','Tomaszczyk',58640),('314-679-6165','Laney','Tinton',66541),('315-283-7488','Karisa','Wormald',35059),('316-155-3105','Jodie','Smickle',76032),('316-578-6418','Boycey','Grigaut',0),('316-717-7670','Ben','Slany',2811),('317-480-6751','Fairleigh','Jollie',61067),('318-460-7110','Florentia','Albon',63000),('320-251-3794','Rudolfo','Schenkel',38380),('320-374-8771','Jarred','Milne',22296),('320-687-7080','Henriette','Izkovicz',91483),('322-651-3550','Gal','Phette',25187),('323-483-4506','Shandra','Hatzar',47581),('325-398-2050','Miguel','Petracco',61266),('326-120-9557','Emmett','Stairmond',96240),('326-957-9958','Briana','Hugo',46805),('329-243-9234','Shelby','Draude',31259),('330-113-5700','Brigitte','Aingel',76952),('330-364-2973','Dominik','McMenamy',13965),('330-494-8832','Rollie','Bernhardt',32134),('331-106-6328','Janeczka','Brakewell',74151),('332-357-3825','Amberly','Dumper',76922),('332-507-5760','Celestyna','Rosenkranc',76475),('332-745-1047','Jocelyne','Garrold',40924),('335-413-8418','Elene','Ubsdall',51027),('335-768-1041','Britte','MacClay',14761),('336-223-1413','Tucker','Cohani',21262),('337-219-6387','Min','Belshaw',56633),('338-146-9836','Brynna','Keirl',61452),('338-889-7291','Georgia','Simpole',64951),('340-452-1852','Emelina','Stidston',7316),('340-728-7043','Jo-anne','Versey',58008),('340-773-4954','Jemie','Marjoram',54075),('342-316-1650','Gigi','Lacelett',89349),('343-748-1792','Sissie','Hayden',14326),('344-522-1488','Edik','Lubman',58990),('348-642-9139','Carie','Rendbaek',42378),('349-416-3476','Paulo','Aggis',85965),('351-331-8670','Kissie','Bytheway',91696),('351-936-9816','Abdel','Beert',78027),('352-338-1368','Neille','Townby',39808),('354-182-9503','Kenton','Beardsley',53443),('354-206-5725','Lanny','Siward',11638),('354-336-7964','Sigismund','Vear',0),('356-687-8760','Audry','Henighan',94739),('356-888-8188','Emlen','Dombrell',39777),('357-781-5278','Nadean','Ellyatt',6880),('358-361-7909','Aubrey','Bruyntjes',37878),('358-707-4005','Hedda','Robertazzi',73812),('359-392-0632','Hesther','Kenrat',42498),('360-113-8172','Donnamarie','Ramshay',49962),('360-947-0652','Ernestine','Dreghorn',22808),('361-788-5544','Arabelle','Onion',58301),('362-353-7111','Adrian','Schieferstein',37344),('363-335-9177','Freddi','Rannie',22254),('364-142-0318','Gerrard','Gwalter',15656),('364-956-1489','Brendin','Ciobutaro',13226),('365-786-9324','Damian','Chown',2457),('366-892-6330','Gill','Kidston',13171),('367-688-6030','Windy','Morse',0),('367-852-4503','Packston','Fraczkiewicz',42743),('369-385-8768','Elysha','Bocking',43477),('375-436-2003','Tiffie','Lark',32519),('376-416-6957','Ginni','Clarabut',44379),('376-705-2703','Maggi','Eckh',74829),('376-856-5298','Kala','Derr',80826),('377-755-7088','Charmian','Blonden',82333),('378-205-4235','Jamima','Wetherell',33365),('378-921-5014','Frasco','Stiegers',60563),('379-589-6513','Ellswerth','Ritchings',42827),('379-773-9288','Maurene','Maffioni',69208),('379-924-1703','Tuck','Findon',89881),('380-549-8994','Janice','Mardlin',30353),('380-620-0803','Cecily','Wahner',76346),('381-123-5013','Jessie','Ateridge',45492),('381-316-0438','Tandi','Allday',56879),('382-477-1246','Katleen','Janks',99606),('383-971-1373','Camala','Slowly',87856),('384-765-6625','Cristobal','Cumbes',82485),('385-616-3677','Roscoe','Atack',43646),('387-495-0873','Corinne','Gresch',56780),('387-857-4508','Christoforo','Rendell',91568),('387-934-9285','Arlyne','McCarry',50220),('389-228-0661','Farica','Brealey',12610),('389-630-8740','Felice','Duinbleton',20239),('390-665-1526','Felicia','Biner',95802),('390-978-8891','Kaye','Salatino',49549),('392-263-3084','Dwayne','Rives',29061),('396-311-4845','Fae','Anscombe',26685),('396-715-0494','Poul','Desbrow',1811),('397-129-0992','Mirabelle','Hartwright',28397),('398-153-8566','Stephi','Outright',3746),('398-562-6901','Quill','Bragg',71582),('400-288-7155','Tirrell','Enticott',43424),('401-235-3420','Angeli','Sawfoot',35167),('401-259-3322','Denni','Bohan',44281),('401-824-5749','Perla','Studders',8827),('403-127-0882','Nikolai','O\'Beirne',55531),('403-342-9390','Giuditta','Penney',83463),('403-386-0359','Liana','Bunce',94394),('404-584-1626','Gustie','Sewall',46938),('405-495-6170','Moshe','Bean',90240),('405-717-5949','Nari','Vidloc',49470),('405-758-2139','Ania','Skillen',62793),('405-846-1780','Viv','Albinson',0),('405-999-2784','Freda','Gleasane',64495),('407-118-4648','Jeanette','Smorthit',30282),('407-316-2958','Nickie','Itzkovwich',13627),('407-402-6558','Verla','Wagstaffe',92470),('408-540-0619','Jamaal','Strooband',95324),('408-586-8217','Lonnie','Cirlos',21924),('408-955-2606','Dierdre','Tring',20730),('411-393-9483','Hestia','Begent',28675),('411-970-9668','Marv','Benedettini',80225),('412-458-3686','Fitzgerald','Gainsborough',33502),('413-914-9011','Roz','Wardhaw',66620),('414-155-2432','Kalvin','Heppner',81158),('414-279-0404','Elmira','Surpliss',18476),('414-689-6710','Leonerd','Ellice',68868),('414-780-8632','Olag','Pickett',44291),('415-105-7832','Tiffanie','Roches',90583),('415-255-8026','Jude','Scottrell',88830),('415-320-3200','Joeann','Domerque',70927),('415-445-1792','Caria','Atwater',0),('416-684-7260','Yule','Shorten',12459),('416-822-1180','Emmalynn','Seviour',9529),('417-499-2111','Monroe','Lanfear',83837),('417-797-5865','Dolph','Rubert',32608),('419-113-0910','Leonerd','Doud',63417),('422-234-1585','Nev','Gwatkins',10333),('424-597-3986','Michail','Glazebrook',36224),('425-673-1212','Connie','Glencross',0),('426-204-8487','Hedy','Alcalde',93451),('427-183-4906','Asher','Cahn',58925),('427-351-0807','Shellysheldon','Clemitt',19875),('427-483-5581','Raynor','McRory',41586),('427-545-9405','Kettie','Kildea',25049),('427-811-6096','Terrence','Stead',16410),('428-781-5129','Barby','Chmiel',77219),('429-160-4258','Briano','Amos',96499),('429-280-9680','Millie','Mulqueen',93510),('429-626-8441','Leena','Newsome',0),('429-911-8477','Tyler','Currm',56813),('430-370-7930','Noach','Klempke',51093),('431-394-6698','Simon','Tweed',78530),('431-741-2734','Prinz','Tindle',76678),('433-127-2653','Jaimie','Tomasian',99721),('433-902-1574','Lombard','Fogg',23112),('434-232-0563','Nyssa','Caslett',20534),('434-669-1694','Barb','Chester',34070),('434-916-9643','Danny','Caddock',26902),('435-258-5616','Rodi','De Souza',88716),('435-269-2111','Jo-ann','Channer',17871),('436-632-2301','Abey','Knapper',47315),('437-664-8844','Cyndia','Gard',34345),('437-914-3731','Kit','Balderstone',93977),('440-494-4649','Vance','Escalero',11899),('440-756-4018','Lesley','Meaking',31880),('441-113-7249','Polly','Luppitt',50491),('441-299-2929','Roanna','Selwin',43819),('442-349-8174','Maddalena','Escalante',1860),('442-996-4033','Danit','Hollow',81754),('443-783-3868','Annecorinne','Weldrick',79678),('444-910-5367','Christean','Baseggio',44094),('445-352-8366','Lucie','Bottelstone',94604),('445-451-6552','Huey','Bollis',26098),('447-255-4996','Michelina','Snowman',91378),('449-316-2580','Frances','Bramah',10780),('451-675-2636','Malissa','Mongan',36996),('454-617-4274','Glynnis','Cristofano',66413),('455-857-7681','Dorita','Scain',5779),('457-130-1018','Brittany','Basketfield',38208),('457-736-0036','Astrid','Dennes',45185),('457-984-1739','Alonso','Muck',73875),('458-194-9523','Mordecai','Sidon',51602),('458-436-9043','Russell','Stife',62685),('458-743-9478','Julie','Forth',77100),('459-305-9076','Iago','Ragborne',7730),('460-693-2922','Evin','Holbury',94132),('460-837-0209','Veronica','Van Giffen',39617),('461-118-3204','Waverley','Denidge',90000),('461-632-9379','Donica','Jolliffe',63660),('462-285-1689','Shepherd','O\' Bee',18193),('463-771-0544','Coreen','Rebanks',21941),('463-988-1971','Jory','Purves',58493),('465-388-3041','Berrie','Bath',62037),('466-935-9140','Thorn','Deere',22042),('468-251-1168','Trace','Caesmans',91844),('468-295-5919','Jeanelle','Wield',62721),('468-901-2172','Wylma','Lafflina',30667),('469-638-1277','Orville','McElhinney',82701),('469-907-1996','Bliss','Goodinge',71092),('471-112-5679','Blancha','Larciere',80819),('471-524-6977','Emile','Velti',19704),('473-403-4260','Ignacio','Maly',16823),('474-381-7012','Carola','Jent',47999),('477-576-7501','Dion','Dottridge',40410),('478-996-3564','Denis','Dunphie',92024),('480-261-7124','Dagmar','Acklands',74782),('481-602-5432','Jeanelle','Danilin',0),('481-907-5787','Tiffi','Riha',32833),('482-106-7949','Brena','Boddam',5212),('482-693-3990','Abdel','Angliss',57280),('483-526-1909','Gallard','Meade',16607),('483-731-3216','Benito','Bilbery',76662),('486-384-0415','Tersina','Seys',842),('486-619-7886','Odille','MacCoughan',96295),('487-628-3569','Patric','Klyn',46737),('488-314-6949','Cinda','Dannohl',7973),('489-340-4156','Kingsley','Cosens',46052),('491-476-3583','Maury','Dielhenn',2334),('493-668-3955','Micky','Tiltman',79379),('496-460-4981','Johann','McLardie',46274),('496-718-6020','Bella','Guile',43013),('497-933-8456','Libby','Yearn',69376),('499-483-5704','Perceval','Cottom',38784),('500-180-5549','Min','Godley',95653),('500-291-7768','Kyrstin','Winstanley',60104),('500-345-4551','Constantino','Berendsen',91707),('500-398-4601','Fawn','Schaben',29603),('500-781-9443','Theadora','Labell',77980),('503-323-6419','Melisande','Pyatt',77877),('504-647-2456','Riobard','Rapi',95161),('504-729-2491','Eugen','Wedge',26522),('506-273-8454','Maridel','Laugharne',45596),('506-348-5597','Fenelia','Tybalt',52009),('506-788-8923','Shandy','Silvermann',46433),('506-989-6635','Blake','Dwelley',15222),('507-168-4468','Ellary','Pitway',87444),('507-839-3866','Tisha','Gladwish',91427),('508-609-5372','Reinold','Rentoll',53116),('509-185-9491','Myra','Kohen',74200),('510-663-9471','Barbara','Hammarberg',52976),('510-948-8031','Elianore','Masseo',95638),('511-192-3310','Jacynth','Lingley',74846),('511-559-8089','Sigismundo','Jenckes',1829),('511-645-5711','Matteo','Staner',73577),('512-942-8675','Darla','Philippou',68099),('514-210-5468','Angelique','Kellet',91789),('514-359-9395','May','Arendsen',2497),('514-614-8542','Nariko','Stuehmeyer',13787),('516-943-6679','Heriberto','Truckell',61895),('518-528-0877','Hildegarde','Norris',56748),('522-393-5061','Darill','Snartt',69696),('522-480-1595','Sigismond','Dunsmore',9420),('523-559-0870','Claudia','Pessolt',14057),('523-958-4935','Alejandrina','Molian',39166),('523-961-5368','Lola','Lilywhite',15986),('526-262-0793','Morten','Spellworth',59954),('526-666-1245','Virgina','Ygou',98176),('527-265-1792','Kliment','McGivena',25536),('527-306-9936','Jemie','Beadon',44602),('530-478-7525','Alford','Collingridge',57415),('533-430-2090','Denise','Molen',67766),('534-222-8406','Wenda','Trump',64018),('534-488-2808','Nicolas','Jenking',26424),('534-619-5602','Andrey','Southernwood',37433),('535-484-9342','Elka','Skipping',65432),('535-679-0206','Foster','Gameson',87617),('536-741-5429','Fran','Gammons',28419),('536-837-1213','Harlan','Garaghan',93549),('538-963-6302','Eilis','Schrieves',76838),('539-314-2784','Liana','Braiden',80504),('540-543-8055','Filberto','Longhorne',90153),('541-551-3657','Kris','Maddicks',51558),('541-616-2821','Lorena','Lemin',53478),('542-190-2602','Corrianne','Kasman',76566),('542-577-3166','Jocelin','Ritzman',16181),('542-619-5935','Foster','Sheer',1953),('543-410-1225','Eudora','Woffinden',49494),('543-951-5178','Hyacinthie','Kitchingman',91357),('544-419-0817','Sindee','Snoden',43713),('546-686-4101','Nettie','Wealthall',4839),('547-770-2507','Rosy','Amorine',10501),('549-147-8252','Miran','Crookshanks',7633),('550-561-5619','Klemens','McCartney',86024),('550-644-4566','Alexandrina','Thoma',27241),('552-642-1684','Ilyssa','Shipcott',95303),('552-899-7422','Mychal','Pogg',34887),('553-104-7690','Clari','Dahle',31515),('553-619-8942','Sephira','Bernat',66959),('553-808-1768','Norbie','McQuaid',45394),('553-953-1780','Alec','Muncer',24786),('554-106-9364','Carrie','Sprague',17871),('554-187-7620','Peri','Spadoni',6139),('557-788-4283','Elliott','Maneylaws',0),('558-202-7920','Annelise','Frankcom',52882),('558-290-3738','Lennard','Erington',22160),('559-298-7429','Waylin','Cholonin',95489),('559-480-4904','Feodora','Soldan',67737),('562-236-0778','Fair','Roseveare',93401),('562-777-2574','Leroi','Klimshuk',26635),('563-808-7425','Martyn','Pickburn',70289),('564-718-1038','Brandais','Adamolli',46304),('566-828-1933','Aileen','Gamil',26756),('567-308-5799','Emelina','McKague',51912),('568-865-6986','Herby','Witheridge',86395),('569-432-0320','Kayle','M\'cowis',65232),('570-588-6169','Alane','Wilmore',0),('571-430-5752','Costanza','Okenden',77269),('572-950-1931','Alva','Bulmer',37800),('573-260-3491','Clementius','Dines',32711),('573-406-9745','Shurlock','Deplacido',13181),('573-543-4655','Giselbert','Hyder',78741),('573-811-3360','Carmon','Fehners',29493),('573-823-8200','Moe','Dodsworth',61821),('575-575-9370','Horacio','Scherer',34636),('575-983-5336','Constancia','Tinto',56087),('578-153-7721','Ruprecht','Feye',0),('578-245-7698','Lolita','Simmons',90126),('578-753-3446','Brucie','Thayre',99693),('579-687-1790','Hunter','Pharro',52430),('580-347-8609','Feodor','Sussans',79758),('580-659-3342','Beatrisa','Lundbech',66026),('580-913-1127','Luce','Huelin',68370),('581-213-7816','Godart','Dunley',98061),('581-616-9902','Larisa','Lochrie',37620),('582-635-3513','Vincenty','Baumford',70697),('582-661-8352','Loralee','Dowzell',69398),('583-166-3099','Ashlee','Lokier',15297),('583-756-9853','Rolph','Flott',86321),('583-908-4725','Mitchel','Dance',70356),('584-573-7599','Addie','Jarlmann',12799),('584-712-7870','Helsa','Outridge',6353),('586-418-1049','Kali','Dougherty',16232),('587-151-2573','Gayla','Duchenne',83341),('588-338-2910','Kendell','Panting',0),('588-733-9251','Maia','Sommerscales',67441),('590-910-6115','Emerson','Kelshaw',81662),('593-179-0185','Garik','Hutchcraft',97896),('593-780-9580','Joshia','Worman',73676),('594-405-1722','Richmond','Abisetti',99392),('595-599-9377','Anneliese','Gracewood',92323),('596-139-7832','Tris','Whitloe',85133),('596-593-1772','Rowe','Corkett',0),('596-860-2063','Mellisa','MacBain',66902),('599-783-2276','Hatti','Cringle',4011),('599-872-9387','Winonah','Blackmore',73702),('600-652-0263','Avrom','Strotone',85595),('601-247-0819','Elspeth','York',95631),('603-365-4520','Kingsley','Fosten',78648),('604-107-4282','Jori','Kintzel',40521),('604-454-0853','Chrystal','McDugal',83743),('604-612-9150','Pavia','Haddington',44697),('604-721-1908','Jareb','Hambers',67956),('605-854-0623','Wendy','Garlick',12022),('605-890-7001','Romonda','Gaitley',82781),('605-981-5986','Antonio','Takle',84654),('607-288-8898','Abby','Mattiello',40451),('608-350-2939','Ivonne','Lewty',72338),('609-374-5508','Lois','Rosenauer',70362),('609-388-8402','Liza','Giffin',56984),('609-657-1070','Lucian','Burkitt',17598),('609-747-8861','Issi','Loude',44543),('609-890-7616','Oriana','Dirr',84221),('610-264-3186','Cherida','Bratch',91040),('611-234-9010','Shandeigh','Rulten',21687),('612-844-5717','Fiorenze','Bolletti',3880),('613-432-4525','Shalne','Roset',58317),('615-482-7640','Borg','Messenger',35291),('619-365-2882','Gene','Bartrum',69033),('619-682-0997','Daveen','Mammatt',52378),('619-877-9208','Sarene','Halliwell',77302),('620-153-3948','Kerby','Fellow',0),('620-386-4258','Pattie','Hawksby',66017),('623-159-8896','Hazlett','Kingscote',88008),('624-120-6477','Dulcia','Keig',17841),('625-923-3510','Ethel','Weetch',61836),('626-141-7485','Sol','Losano',53715),('626-779-0818','Kata','Branscombe',75883),('626-840-3086','Stearne','Eastwood',97629),('627-192-8500','Raviv','Horlock',50446),('627-475-3344','Fabiano','Mundy',26717),('629-435-2960','Dorry','Jobes',0),('632-950-8991','Lyssa','Vannacci',12004),('633-692-4989','Ransell','Croysdale',47193),('634-600-0052','Frederique','Pelz',67070),('635-631-7587','Gilbert','Cannon',86114),('636-598-0202','Bill','Habbal',320),('636-643-4536','Lyn','Posvner',95403),('638-820-5545','Wit','Aylin',52374),('639-111-3266','Oralle','Thrussell',57583),('640-167-5299','Garner','Tenny',42081),('640-512-4237','Morganne','Wethers',2007),('642-417-0326','Guilbert','Di Baudi',41443),('643-865-5995','Lona','Laurenson',24037),('644-314-6227','Issiah','Shoulder',64460),('644-322-4624','Doyle','Deinhard',45040),('645-461-9187','Tanya','Dennington',8171),('646-685-5585','Hubey','Orknay',41705),('648-231-7806','Salomon','Woltman',8010),('649-288-0855','Annecorinne','Lesek',90035),('649-575-6970','Candice','Searl',88161),('651-478-7634','Rosanne','Tiffany',88254),('651-615-7803','Constanta','McRory',75525),('651-884-2233','Teodora','Premble',25769),('652-655-5294','Lotta','Bingall',43033),('654-358-8861','Selie','Shorter',57660),('655-580-3191','Edith','Augur',3693),('656-408-8288','Gerrilee','Macourek',0),('656-982-7296','Michaela','Reddoch',16289),('657-357-9133','Esta','Rothchild',26202),('657-567-8061','Guenevere','Greeveson',98819),('657-880-9835','Paxon','Realph',65061),('658-627-5317','Tonye','Calltone',84775),('659-566-0341','Becka','Dunridge',57144),('659-587-2744','Hamnet','Liebermann',19007),('660-858-3904','Jessamine','Hayball',48270),('661-373-1819','Jamesy','Neames',39285),('661-417-5593','Ive','Phillp',22388),('661-554-4369','Mariele','Glen',33189),('663-202-1637','Frasquito','Phippin',41918),('665-415-5597','Trudie','Joncic',31597),('665-589-9874','Milton','Ribchester',72599),('665-882-1521','Breanne','Strick',93744),('666-353-5085','Tani','Stearnes',31176),('667-205-7985','Renato','Eyeington',51589),('667-376-2232','Karly','Cheak',83939),('667-679-4425','Cathee','Kinnerley',17952),('668-536-1842','Ainslie','Coatts',93489),('669-270-6705','Engelbert','Krzyzaniak',36347),('670-328-5481','Mehetabel','Beedom',33552),('671-290-4125','Raffaello','Kryszka',5426),('674-809-5139','Loren','Murden',64055),('674-916-4672','Vassili','Fegan',59329),('675-150-9748','Shayne','Mayoral',71061),('678-418-8293','Devonne','Campana',56291),('679-168-6505','Galvan','Kalderon',74437),('679-891-4382','Jolyn','Noquet',2126),('680-301-5098','Olenka','Hyslop',62215),('681-344-7992','Bucky','Bickerstaffe',36651),('682-139-2972','Emile','Placstone',44690),('683-573-1444','Oran','Catterell',3542),('683-638-1918','Lani','Lewin',17770),('684-586-1792','Jonell','England',63754),('684-768-3097','Rudolf','Attenborrow',55991),('684-792-2971','Gerick','Luebbert',79613),('685-314-9015','Zerk','Cockerton',85196),('685-366-3975','Amelie','Caygill',58535),('687-529-8985','Cordelie','Yetton',40234),('687-833-5162','Falkner','Lorkings',91273),('688-568-9907','Jasper','Malloy',30632),('689-158-0814','Zollie','Roser',3922),('692-815-2485','Esme','Simnett',56529),('697-273-8355','Trever','Waistall',27345),('697-414-0678','Clint','Vittery',66858),('698-228-6561','Ariel','Handscomb',42960),('701-536-1615','Ernst','Minchindon',90636),('702-111-8149','Kit','Barradell',58145),('702-121-6647','Patsy','Mc Caughan',3989),('702-280-2007','Chelsey','Dunckley',65292),('703-180-5652','Madel','Barkway',80908),('705-320-1330','Umberto','Basterfield',90149),('706-329-7216','Oralla','Huish',0),('709-493-2076','Arly','Gaine',81923),('710-227-9960','Harmonie','Domel',76549),('710-755-3075','Korry','Dillway',57786),('713-330-3815','Daisey','Farndell',43560),('713-410-0715','Sven','Jahnke',22892),('713-949-5159','Jud','Amery',89336),('714-432-5867','Mackenzie','McDoual',16579),('714-915-1988','Seymour','Reeks',9142),('715-654-3586','Layton','Standering',19664),('717-723-0500','Matteo','Way',83859),('717-831-9869','Adriano','Clayton',48841),('721-738-0106','Thom','Starmore',89071),('722-419-3998','Helga','Tiltman',96369),('722-768-0770','Kara','Zincke',74331),('723-139-4735','Darbie','Gossipin',4379),('723-435-9313','Maura','Warder',87667),('723-873-1457','Raeann','Connerry',5764),('724-388-8467','Nathanial','Rabier',10214),('724-491-7205','Jorey','Trays',15116),('724-936-3315','Ann-marie','Farley',16833),('727-679-4180','Wini','Giamo',36280),('728-180-6843','Lion','Aronowitz',21547),('728-439-9997','Andriana','Sherebrooke',56133),('730-221-1583','Cristen','Goundrill',16062),('733-259-4886','Alden','Skirlin',6590),('733-823-6527','Jaime','Savory',35302),('734-557-0107','Trixy','Slayny',45473),('734-577-9679','Nataniel','Lente',1772),('735-582-8637','Cleve','Lanchberry',46800),('736-580-9155','Arturo','Speechly',39316),('737-155-8268','Harwilll','Frodsam',20591),('737-856-2568','Willy','Carayol',17160),('738-518-3673','Agathe','Stokoe',86561),('742-429-5591','Cornelle','Stowgill',27837),('742-561-1152','Darrell','Rimer',18538),('742-744-1605','Quentin','Klosser',25222),('744-273-2541','Ernie','Ashbe',54985),('744-599-4352','Amalle','Woodthorpe',97771),('744-738-1912','Christy','Chicchelli',70740),('745-159-4313','Neill','Vasin',29065),('746-138-2454','Jami','Adshed',40821),('746-198-4608','Gertrude','Allain',1850),('747-338-7347','Sydney','Sunman',26425),('747-796-4454','Adolf','Romer',38355),('748-463-4747','Corbie','Jerome',84050),('750-113-6834','Bjorn','Vasiliev',47883),('751-808-6207','Thornie','Daal',14059),('752-520-8148','Ravid','Palatini',6249),('752-577-4662','Devland','Bagster',87959),('754-392-8450','Nolie','Lewington',89978),('754-535-4412','Jorgan','Gallier',3737),('754-886-6544','Ellsworth','Gowdy',42971),('755-356-9206','Ricca','Maywood',78201),('756-757-7460','Klara','Domotor',81023),('760-278-2741','Shir','Cheesman',87548),('760-566-2278','Jill','Griffith',14682),('762-202-2682','Phillipp','Magson',81243),('762-400-7083','Alana','Solly',72615),('762-678-8022','Dre','O\'Bradane',0),('763-303-5189','Susana','Ozintsev',16666),('763-368-2673','Nickie','Heighway',64998),('764-115-1761','Steffie','Dobbison',88946),('764-598-4516','Jed','Blackbrough',72351),('765-206-6834','Chev','Skitterel',47774),('765-457-7877','Cyrus','FitzGilbert',76136),('766-719-8732','Valaree','Nendick',44221),('767-446-4214','Druci','Dellar',24138),('767-572-3935','Camey','Berzon',38734),('770-793-3335','Audry','Marxsen',33009),('771-847-6434','Caron','Klosser',40654),('771-901-9579','Jessamine','Boycott',65796),('776-421-9129','Lonnie','Camilleri',40060),('776-503-1076','Annelise','Atkins',10496),('776-637-6254','Rosene','Cordobes',29730),('776-715-9773','Gerti','Ferriday',62593),('776-844-0006','Cari','Dudenie',99611),('776-986-8029','Ninette','Jochen',71742),('777-170-1583','Reed','Sides',47629),('777-620-7976','Udale','Dillinton',6414),('777-931-7347','Mathilde','Boyne',56834),('780-150-6420','Orson','Stammler',43084),('781-815-7819','Warner','Kaiser',53617),('782-760-2170','Pinchas','Eynon',49768),('784-363-2238','Delano','Thying',79430),('784-609-4165','Joella','Gonnelly',37771),('784-958-0261','Eba','Bushe',59973),('785-717-2865','Nikolos','McVitie',84361),('785-908-8245','Ingamar','Lamble',53749),('786-553-2878','Kaja','Crosoer',75099),('786-960-7263','Alicia','Maddick',59432),('787-271-9000','Elwood','Blackmoor',38584),('788-666-8094','Robb','Wellman',54793),('789-904-1459','Leilah','Henfre',21912),('790-736-3661','Paddie','Jehan',30756),('791-438-6811','Shay','Dillet',63036),('791-521-3748','William','Moger',34978),('792-871-2287','Frances','Eaden',24795),('793-366-6884','Deedee','Yarrell',29244),('793-707-3183','Erwin','Ghidetti',73723),('793-848-8952','Gottfried','Struys',11598),('795-709-4578','Aurlie','Nissle',99316),('797-916-7314','Khalil','Wiggans',24252),('797-967-6791','Honoria','Fronks',29972),('798-415-1763','Denys','Ellit',4940),('798-442-5213','Trace','O\'Cahsedy',29365),('798-574-3428','Tadd','Epelett',97775),('798-588-0360','Dave','Blondelle',94464),('799-600-3063','Brocky','Purple',61523),('799-658-8432','Dwain','Lahrs',77356),('800-643-2580','Ilaire','Tamsett',21051),('802-371-6181','Rudie','Faust',95592),('803-188-0168','Gail','Eggins',52189),('803-304-9337','Susann','Sheeran',23624),('804-292-2807','Valencia','Krimmer',5147),('805-413-8332','Kristien','Casse',40997),('806-866-7766','Ethelred','Elix',75296),('807-599-4877','Hollie','Medlen',80030),('807-629-7182','Rodolfo','Gergus',16614),('807-771-6953','Salvador','Spere',91328),('808-177-9380','Rhody','Jaulme',11893),('808-201-9073','Nobe','Skells',51343),('808-561-5827','Lexy','Harbar',19807),('809-933-9667','Mirella','Buttle',67270),('810-167-9792','Myrwyn','Rosenbusch',3254),('810-702-0074','Jeana','Ralling',86452),('811-556-1865','Chase','Palfreyman',56048),('811-944-5998','Sebastiano','Slaughter',59866),('813-374-8807','Martha','Ellacombe',97980),('814-476-2957','Gawain','Ianetti',5948),('814-497-2673','Kristoforo','Epsly',20789),('815-448-7428','Enid','Siney',7887),('815-698-0342','Constantin','Stones',84563),('815-973-5250','Christian','Acheson',0),('816-545-2855','Sophie','Lainton',83439),('817-367-9591','Floria','Jirasek',93160),('817-623-3275','Willis','Julien',17522),('818-450-8543','Mendie','Snibson',91794),('820-507-7086','Amalia','Lillo',47339),('821-610-6703','Rodolphe','Stamp',0),('824-256-7551','Wainwright','Wheelan',87390),('825-569-3159','Tomkin','Martin',93250),('825-870-4754','Hillyer','Ascrofte',41547),('826-291-2766','Alessandro','Von Brook',15058),('826-360-2446','Torie','Nanetti',79963),('826-812-1996','Lou','Stanyer',69983),('828-362-9579','Rania','Balharry',69095),('829-754-7013','Hobey','O\'Flannery',7788),('829-798-6028','Clemmie','Coad',98940),('830-796-2061','Johna','Baddoe',64338),('831-373-2561','Sawyere','Bilsford',98552),('832-507-1934','Adaline','Shelton',84525),('832-828-5355','Burton','Biggins',39599),('837-379-0229','Marlon','Paddefield',40988),('837-476-9639','Ruthi','Dami',27878),('839-547-9636','Ruperta','Matura',80458),('839-555-4414','Georges','Obington',31259),('842-917-1854','Orin','Bernat',31420),('843-334-1572','Issi','Klimmek',60510),('843-559-2770','Francois','Gilman',35946),('844-279-6965','Janice','De Witt',43720),('846-666-5917','Ekaterina','Scarasbrick',97399),('847-717-7152','Sharleen','Gottschalk',20163),('848-497-1551','Lishe','Goudman',6396),('850-666-2107','Averill','Graysmark',44717),('850-694-6973','Bud','Deavin',90965),('851-802-4069','Zoe','Slight',9256),('852-462-1693','Kimmy','Foley',86686),('855-567-9972','Johnny','Cicci',62949),('855-642-3568','Rancell','Coton',29640),('855-698-3782','Persis','Trask',15915),('856-289-0322','Halette','Hazeltine',36201),('856-289-9859','Gregoire','Cafferky',95718),('856-918-0734','Julienne','Cannings',24111),('858-582-8341','Allyce','Lattin',52301),('858-967-2498','Napoleon','Baversor',63962),('865-781-2563','Torr','Yarnton',59099),('866-171-1339','Judith','Gregoretti',36866),('867-568-5661','Meaghan','Mully',0),('867-634-6426','Ninon','Vanyatin',27913),('867-707-3573','Roxy','Morgue',18775),('867-920-9386','Crin','Spurrett',70006),('867-999-8814','Hayyim','Reynish',11072),('868-356-0912','Beverley','Cansdale',63175),('868-918-1245','Clovis','Badwick',62585),('871-531-1805','Clint','Bedbrough',20066),('871-539-4827','Alain','Braunes',56087),('871-887-4411','Liliane','Antonescu',5931),('871-991-7726','Leodora','Bastock',2724),('872-448-4299','Lanni','Gauntley',64913),('873-449-7255','Melly','Itzakovitz',655),('873-888-1687','Nadiya','Roe',59952),('876-644-4545','Hana','Megainey',65000),('879-675-7761','Killy','Kid',62611),('879-746-5175','Chris','Dunkerk',41836),('879-995-3408','Caryl','McCaughan',20744),('880-323-1939','Isabella','Bartolozzi',51991),('880-656-2290','Ashlan','Kachel',68475),('880-825-7393','Marcellus','Tuffield',12523),('881-272-4534','Carney','Howcroft',1203),('882-480-8299','Brady','Gilbank',29281),('882-712-2153','Fanni','Mitroshinov',347),('883-578-5059','Alessandra','Woofendell',5937),('884-310-2269','Minor','Saffell',0),('885-166-0631','Elisha','Heggadon',27866),('885-505-8361','Roosevelt','Matejic',55055),('886-892-8048','Sileas','Laver',31755),('888-543-8473','Cinda','Crickett',31541),('889-541-5812','Sanderson','Betteson',13536),('889-717-3058','Elli','Haukey',26542),('890-898-9461','Chaddie','Novacek',23597),('891-873-0314','Flinn','Edworthye',50629),('892-293-3882','Wilden','Goane',66258),('892-583-9529','Wilbur','Mourbey',93302),('894-653-9596','Kai','Rudsdale',46099),('895-157-6738','Joana','Crimmins',12533),('895-187-3388','Sheff','Banghe',13602),('895-504-6512','Sarena','Bielefeld',99380),('895-560-3116','Isis','Hollington',62816),('895-586-4013','Jackie','Slinn',34443),('896-154-3947','Erma','Tonbridge',13026),('896-895-2179','Maiga','Ambage',62958),('898-178-1104','Brnaba','Cran',73127),('898-603-7810','Coralie','McReynolds',96063),('901-488-3799','Petronilla','Brabham',18855),('908-423-3126','Winfield','d\'Arcy',15531),('909-556-1750','Andree','Croxford',67019),('910-916-8919','Heda','Duran',44841),('913-521-9261','Gordy','Mussen',83601),('913-588-0409','Adriana','Roxby',15542),('913-992-7162','Hillery','Burtwell',71452),('914-319-9501','Faydra','Dayce',83918),('914-361-2445','Kenneth','McLaren',19173),('915-725-4432','Hamil','Juliff',34827),('915-765-4716','Angel','Ledgeway',1545),('915-785-4613','Andrea','Rickis',48006),('916-789-0129','Domenico','Lamcken',12027),('917-524-7610','Freda','Cromblehome',99612),('917-816-8265','Annabell','Wrintmore',13694),('919-384-4690','Jerrie','Vigietti',43278),('919-386-6372','Morley','Nucciotti',33233),('919-951-3859','Maurizio','Davidde',74146),('920-254-6964','Melvyn','Sherrard',92290),('921-453-2037','Olivia','Bolter',24092),('922-137-3409','Valentino','Hucks',76847),('922-319-8505','Kinsley','Lammerts',27892),('923-418-4593','Genvieve','Bente',93165),('924-864-1227','Erastus','Boylund',24561),('927-263-5444','Lucita','Christofides',53754),('927-367-2335','Erinn','Nana',78585),('927-719-3456','Emelita','McKeurtan',38161),('927-933-5130','Ambrosius','Hess',28464),('928-710-5211','Louis','Skotcher',2089),('928-747-2657','Adria','Malser',99223),('928-957-2085','Duane','Tower',11228),('930-373-1413','Gabriele','Rodenhurst',87773),('930-838-1230','Shayla','Glyn',99280),('931-615-0109','Anallise','Laidlow',30144),('932-929-0611','Bren','Holme',47852),('933-613-8553','Dulci','Gilmore',23957),('934-267-5224','Torrence','Peschke',32004),('935-195-9573','Batsheva','Hinzer',47360),('937-422-1170','Philly','Rowcliffe',35541),('940-264-1499','Shalne','Sexty',96232),('940-650-4339','Amalia','Tethacot',47630),('940-879-4560','Jude','Dutnall',85383),('941-110-9184','Sileas','Knee',606),('944-677-6633','Vivi','Dominighi',36069),('944-711-5930','Steven','Viger',71968),('945-546-0194','Bernarr','Swainston',0),('945-821-4092','Pablo','Longega',50504),('946-115-7883','Natty','Statter',68215),('947-964-5287','Pansy','McKeowon',79997),('949-199-0678','Debi','Milham',6189),('949-495-5690','Phillis','Adamec',94876),('949-874-1451','Gerome','Drewe',72944),('951-102-4732','Pattie','Crellin',8610),('952-184-6839','Towny','Ulyat',22239),('952-330-4039','Ansell','MacGillespie',27830),('952-386-5704','Clary','O\'Scanlon',83633),('954-245-3596','Chadd','Harberer',40390),('954-714-9304','Catharine','Abramsky',88195),('955-178-8545','Sibylla','Jozwiak',97995),('955-769-8103','Franny','Darque',53590),('956-778-1267','Krisha','Doumer',2710),('959-253-8242','Analise','Keppin',348),('960-322-2399','Broderic','Broadwell',2491),('960-493-6151','Jackie','Figurski',72236),('960-576-0128','Con','Spittal',93715),('961-564-7172','Wendall','Ploughwright',59491),('962-940-4742','Roxie','Skeates',15950),('963-728-1614','Sheelagh','Beaman',98260),('963-743-8131','Jeanna','Bolitho',40238),('964-286-5452','Danyelle','Philipeau',32711),('966-700-3992','Alejoa','Boldero',80883),('966-851-5993','Cori','Sparry',90218),('967-216-9508','Kort','Ladell',61907),('967-511-5125','Jermaine','Chantler',4897),('968-616-2450','Brockie','Wearne',16109),('969-868-8128','Cristine','Chalfant',54426),('970-806-1486','Haskell','Crann',2617),('971-208-9750','Harland','Mallebone',83569),('971-697-8065','Zora','Offen',0),('971-962-3994','Dosi','Clelland',79925),('972-447-2941','Starla','Wandrack',15980),('972-527-4890','Gerhardt','McGaughey',71492),('973-942-4023','Mara','Niemiec',47730),('974-234-8089','Weber','O\'Scanlon',18259),('974-596-0756','Aldwin','Mursell',65463),('974-706-1009','Emmit','Fellman',16075),('975-412-9555','Toddie','Tapper',33478),('976-204-7026','Kata','Binnion',93434),('977-601-2644','Sashenka','Watkiss',77257),('978-452-6028','Domenico','Dabney',69624),('978-575-1297','Silva','Kitchenham',12725),('978-722-6459','Cornelia','Hards',58855),('978-798-2958','Trumaine','Ducker',59923),('981-980-6925','Ker','Henze',71131),('984-394-7913','Lou','Carmody',36262),('984-457-3861','Waverly','Kemmer',26523),('986-242-6814','Winfield','Bust',0),('986-659-4067','Nolana','Doorbar',3924),('986-886-4576','Hamlin','Everson',96757),('988-800-5954','Zacharias','Bound',28418),('990-626-2911','Sonni','Keeton',74174),('991-673-3362','Perla','Ingerson',40331),('992-680-1729','Evy','Rodway',46416),('993-484-8689','Nanci','Toplis',39683),('994-307-7116','Natasha','Welldrake',44994),('994-399-5269','Margery','Veelers',41843),('994-813-3553','Katharyn','Purdey',42460),('994-842-2942','Porty','Andreini',62074),('995-332-6326','Kara-lynn','Birds',27960),('996-625-1251','Vern','Paolucci',53280),('997-591-4293','Tymothy','McNeil',22149),('998-264-6674','Tuckie','Sallans',34535);
/*!40000 ALTER TABLE `registered_customer` ENABLE KEYS */;
UNLOCK TABLES;

--
-- Table structure for table `role`
--

DROP TABLE IF EXISTS `role`;
/*!40101 SET @saved_cs_client     = @@character_set_client */;
/*!50503 SET character_set_client = utf8mb4 */;
CREATE TABLE `role` (
  `role_id` int NOT NULL AUTO_INCREMENT,
  `role_name` varchar(50) NOT NULL,
  `role_desc` text,
  PRIMARY KEY (`role_id`)
) ENGINE=InnoDB AUTO_INCREMENT=16 DEFAULT CHARSET=utf8mb4 COLLATE=utf8mb4_0900_ai_ci;
/*!40101 SET character_set_client = @saved_cs_client */;

--
-- Dumping data for table `role`
--

LOCK TABLES `role` WRITE;
/*!40000 ALTER TABLE `role` DISABLE KEYS */;
INSERT INTO `role` VALUES (1,'Cleaner','Cleans and maintains the super store.'),(2,'Bag Person','Restock plastic bags. Puts all purchases in bags'),(3,'Cashier','Checksout the customer'),(4,'Driver','Transports goods from one store to another or from warehouses.'),(5,'Team Lead','Leads a group of people. Usually a set or 5 to 10 people'),(6,'Store Manager','Incharge of a store. Responsible about everything the store'),(7,'County Manager','Responsible for all stores in a given county'),(8,'Bussiness Head','Head of certain divisions of the company'),(9,'Shipping Person','Person responsible to ship packages'),(10,'Restock Person','Person responsible tfor restaocking aisles'),(11,'Packing Person','Packs packages that needs to be shipped'),(12,'Inventory Maintainer','Maintains inventories and their capacities in the store. Orders invetories when necessary'),(13,'CEO','Chief Operating Officer'),(14,'Board of Directors','Board of Directors'),(15,'Warehouse Designer','Designs all the warehouses for storage and safety');
/*!40000 ALTER TABLE `role` ENABLE KEYS */;
UNLOCK TABLES;

--
-- Table structure for table `store`
--

DROP TABLE IF EXISTS `store`;
/*!40101 SET @saved_cs_client     = @@character_set_client */;
/*!50503 SET character_set_client = utf8mb4 */;
CREATE TABLE `store` (
  `store_id` int NOT NULL AUTO_INCREMENT,
  `street_name` varchar(50) NOT NULL,
  `city` varchar(20) NOT NULL,
  `state` varchar(20) NOT NULL,
  `zip_code` int NOT NULL,
  `store_area` int NOT NULL,
  `email` varchar(50) NOT NULL,
  PRIMARY KEY (`store_id`),
  UNIQUE KEY `email` (`email`)
) ENGINE=InnoDB AUTO_INCREMENT=101 DEFAULT CHARSET=utf8mb4 COLLATE=utf8mb4_0900_ai_ci;
/*!40101 SET character_set_client = @saved_cs_client */;

--
-- Dumping data for table `store`
--

LOCK TABLES `store` WRITE;
/*!40000 ALTER TABLE `store` DISABLE KEYS */;
INSERT INTO `store` VALUES (1,'Kiehn Well','Romabury','WestVirginia',78377,8000,'40nfv@kwikmart.com'),(2,'Valerie Square','Cristshire','Nevada',70050,14452,'22rgr@kwikmart.com'),(3,'Cesar Forges','Homenickshire','Ohio',33073,12469,'71jjv@kwikmart.com'),(4,'Towne Courts','West Ruby','Arizona',70850,5252,'05jvr@kwikmart.com'),(5,'Andres Glen','Wuckertstad','Missouri',58237,4357,'52mey@kwikmart.com'),(6,'McCullough Cliff','Deshaunton','Washington',86095,5157,'25zej@kwikmart.com'),(7,'Stella Mills','Juniusland','Vermont',96484,3732,'62ojs@kwikmart.com'),(8,'Lempi Lodge','West Lavina','Alabama',64924,2627,'06nhf@kwikmart.com'),(9,'Davin Village','New Nova','Arkansas',16907,18283,'71zrl@kwikmart.com'),(10,'Erdman Road','East Lorainefort','Nevada',68136,8589,'68fdn@kwikmart.com'),(11,'Howell Harbors','Kuvalishaven','Oregon',65818,2893,'63mde@kwikmart.com'),(12,'Walton Gateway','Julianaburgh','Florida',82896,3251,'46vyh@kwikmart.com'),(13,'Quitzon Greens','Bertrandmouth','Maryland',88352,5491,'68igu@kwikmart.com'),(14,'Branson Extension','Scotburgh','NorthDakota',24579,19903,'80agk@kwikmart.com'),(15,'Alexie Bypass','Ferryberg','Iowa',34236,9378,'08kfr@kwikmart.com'),(16,'Henderson Vista','East Tracefort','Nevada',78475,3682,'12lwm@kwikmart.com'),(17,'Shields Cliff','West Velmamouth','Kentucky',71993,9127,'79rjj@kwikmart.com'),(18,'Oleta Estates','South Pascale','Connecticut',83694,12246,'40gbz@kwikmart.com'),(19,'Dante Islands','Marquardtburgh','Pennsylvania',37985,19938,'10jna@kwikmart.com'),(20,'Nikko Station','Kemmerfort','Louisiana',35631,7908,'93agf@kwikmart.com'),(21,'D\'Amore Pine','Stammhaven','Arkansas',34423,15159,'15maw@kwikmart.com'),(22,'Isaias Neck','East Madisonburgh','Vermont',64095,5108,'82lby@kwikmart.com'),(23,'Collier Underpass','Hodkiewiczbury','Vermont',92423,6547,'03icu@kwikmart.com'),(24,'Hope Crescent','East Aron','Ohio',53627,14273,'72bzm@kwikmart.com'),(25,'Arvilla Burgs','South Ashley','Idaho',34393,18017,'95guh@kwikmart.com'),(26,'Elsie Parks','Rohantown','NewMexico',13560,11883,'61ahi@kwikmart.com'),(27,'Weimann Branch','East Cristinaburgh','NewHampshire',30366,11177,'21zqc@kwikmart.com'),(28,'Trudie Extension','Tanyaborough','Wisconsin',65333,16297,'34eye@kwikmart.com'),(29,'Metz Trail','Reubenville','Missouri',66113,3988,'14tsx@kwikmart.com'),(30,'Pacocha Street','Hahnfurt','Indiana',23014,12116,'38inh@kwikmart.com'),(31,'Tremblay Valley','West Dellview','Pennsylvania',33250,12069,'90dtb@kwikmart.com'),(32,'Dolores Keys','Georgemouth','Delaware',76366,4438,'27zsr@kwikmart.com'),(33,'Marco Place','North Marianemouth','Massachusetts',15781,15942,'81czr@kwikmart.com'),(34,'Demarco Mount','Aufderharborough','Oregon',26388,16876,'14ltm@kwikmart.com'),(35,'Sigurd Prairie','New Arne','Oregon',29890,18892,'68ghd@kwikmart.com'),(36,'Zieme Keys','Lake Maximillian','Mississippi',66889,16613,'36cdl@kwikmart.com'),(37,'Jarvis Walk','Port Myriamland','Colorado',17858,11280,'65fhx@kwikmart.com'),(38,'Towne Pike','Dashawnbury','Tennessee',35713,18023,'33wzj@kwikmart.com'),(39,'Carlos Way','Cathyberg','NorthDakota',32321,13682,'56qqk@kwikmart.com'),(40,'Wisozk Center','Tatumborough','NewJersey',66590,10125,'01yvl@kwikmart.com'),(41,'Hodkiewicz Brook','Bashirianfurt','Maine',46425,9295,'69zei@kwikmart.com'),(42,'Zulauf Locks','Lake Dockbury','Maine',75764,11437,'56gtb@kwikmart.com'),(43,'Franecki Loaf','Port Elinoreside','Georgia',38446,10704,'15fsn@kwikmart.com'),(44,'Chance Estates','Adahville','SouthDakota',11953,3395,'53zto@kwikmart.com'),(45,'Alvah Course','East Eugenia','Utah',20376,16594,'75gde@kwikmart.com'),(46,'Sanford Creek','Port Amarishire','Arizona',63766,9160,'93put@kwikmart.com'),(47,'Elisa Cape','North Alfonzoview','RhodeIsland',60816,4133,'45xds@kwikmart.com'),(48,'Reichel Run','East Horacioview','NorthDakota',93608,4210,'07brx@kwikmart.com'),(49,'Cremin Branch','South Osbaldoport','NewMexico',77816,10612,'34gdc@kwikmart.com'),(50,'Missouri Lake','Onamouth','Delaware',88818,8044,'36qvx@kwikmart.com'),(51,'Grady Crest','East Reinholdburgh','Louisiana',21013,13499,'06urt@kwikmart.com'),(52,'Mabelle Branch','Sawaynton','Iowa',54392,10935,'15mqs@kwikmart.com'),(53,'Hilpert Estate','South Blaiseton','Missouri',38096,3629,'25ops@kwikmart.com'),(54,'Lemke Trafficway','O\'Connellborough','Florida',36473,15491,'44ckj@kwikmart.com'),(55,'Grant Manor','Mannburgh','Virginia',27664,19781,'66uzw@kwikmart.com'),(56,'Adams Trail','Schummtown','NewHampshire',92277,5693,'91rkd@kwikmart.com'),(57,'Schmeler Mountain','Charleneview','NewHampshire',53702,17085,'00pbs@kwikmart.com'),(58,'Ezra Vista','Nedmouth','Maryland',62093,16804,'02cfn@kwikmart.com'),(59,'Ruby Fort','Buckberg','NewJersey',44258,6523,'69uoc@kwikmart.com'),(60,'Neva Trail','Lake Elna','Connecticut',48914,3787,'22hqq@kwikmart.com'),(61,'Cleta Coves','East Citlalli','Montana',40002,18152,'16one@kwikmart.com'),(62,'Schoen Crest','South Levistad','Oklahoma',56204,18987,'35fze@kwikmart.com'),(63,'Raquel Lakes','Lake Alethafurt','Delaware',80963,13703,'36wlw@kwikmart.com'),(64,'Cynthia Common','North Estebanport','Indiana',63401,5840,'03ihu@kwikmart.com'),(65,'Sipes Valleys','East Queen','Wisconsin',25318,6949,'38rgi@kwikmart.com'),(66,'Theresia Crossroad','Muellermouth','Arizona',87619,11388,'81qhf@kwikmart.com'),(67,'King Manors','Davisland','Nevada',32136,19543,'48pha@kwikmart.com'),(68,'Jonathon Parkway','Reneefurt','Arkansas',21881,7277,'12nvq@kwikmart.com'),(69,'Marielle Spur','North Dawson','Maryland',15766,8030,'66gmg@kwikmart.com'),(70,'McKenzie Harbor','New Maximomouth','Indiana',16960,8815,'12ltp@kwikmart.com'),(71,'Melissa Mall','Faheyland','Delaware',61259,18512,'13zzc@kwikmart.com'),(72,'Boehm Court','Kunzeberg','NewJersey',59803,16951,'00ukq@kwikmart.com'),(73,'Schmeler Overpass','Karliton','Virginia',78720,14354,'50qxs@kwikmart.com'),(74,'Lebsack Drive','New Jaqueline','Michigan',40826,11805,'46yyd@kwikmart.com'),(75,'Hessel Ports','West Gonzaloview','Pennsylvania',94965,11419,'32zxt@kwikmart.com'),(76,'Sauer Motorway','East Korbinmouth','Utah',56259,7139,'46iba@kwikmart.com'),(77,'Jaycee Glens','Lake Jaydeland','Delaware',17644,12105,'57yxz@kwikmart.com'),(78,'Douglas Underpass','Oberbrunnerstad','NewJersey',44660,12950,'86orb@kwikmart.com'),(79,'Block Heights','Buddymouth','Wisconsin',67985,19032,'31svp@kwikmart.com'),(80,'Walter Mission','Lake Quinton','Utah',93309,5703,'84oiu@kwikmart.com'),(81,'Abbott Point','Anjaliland','Ohio',44769,3016,'04fsf@kwikmart.com'),(82,'Jones Port','North Rosalia','Montana',90276,16501,'64nny@kwikmart.com'),(83,'Emmie Meadow','South Arvidside','District of Columbia',95242,3930,'29knm@kwikmart.com'),(84,'Kiehn Mill','Gleichnerport','Louisiana',27633,8430,'07wjr@kwikmart.com'),(85,'Krystel Springs','Port Dandrefort','Kansas',62163,12708,'84tpu@kwikmart.com'),(86,'Katelyn Squares','New Clovis','California',71166,16201,'79abv@kwikmart.com'),(87,'Bradtke Ranch','Schmitthaven','RhodeIsland',32435,18957,'94hrd@kwikmart.com'),(88,'Jesus Springs','Port Christopher','Kansas',25511,5127,'44ics@kwikmart.com'),(89,'D\'Amore Road','North Maximillian','Nevada',64121,7434,'96abo@kwikmart.com'),(90,'Faye Circles','Hudsonfort','Missouri',26737,16212,'15csk@kwikmart.com'),(91,'Jeromy Groves','Timmyburgh','Indiana',41989,14724,'99uwy@kwikmart.com'),(92,'Heber Run','South Eugeneville','Alaska',66426,6635,'79uop@kwikmart.com'),(93,'Marquis Oval','Gottliebton','California',77585,17704,'69ism@kwikmart.com'),(94,'Trantow Passage','West Mateoshire','Montana',72644,4652,'73cjj@kwikmart.com'),(95,'Vicenta Springs','Prohaskahaven','Massachusetts',77079,16395,'88ssu@kwikmart.com'),(96,'Jermey Island','Port Destineyfurt','NewMexico',60443,9109,'03mde@kwikmart.com'),(97,'Marisa Island','Hipolitomouth','Oklahoma',30473,19201,'19jxr@kwikmart.com'),(98,'Kris Lake','Thaliamouth','Georgia',48804,9743,'25abp@kwikmart.com'),(99,'Holden Lake','New Websterborough','California',69933,4695,'54kqn@kwikmart.com'),(100,'Reilly Expressway','Hegmannfurt','Oklahoma',69686,7306,'98foy@kwikmart.com');
/*!40000 ALTER TABLE `store` ENABLE KEYS */;
UNLOCK TABLES;

--
-- Table structure for table `store_item`
--

DROP TABLE IF EXISTS `store_item`;
/*!40101 SET @saved_cs_client     = @@character_set_client */;
/*!50503 SET character_set_client = utf8mb4 */;
CREATE TABLE `store_item` (
  `store_id` int NOT NULL,
  `item_id` int NOT NULL,
  `qty_in_stock` int NOT NULL DEFAULT '0',
  `unit_price` decimal(6,2) NOT NULL,
  PRIMARY KEY (`store_id`,`item_id`),
  KEY `item_id` (`item_id`),
  CONSTRAINT `store_item_ibfk_1` FOREIGN KEY (`store_id`) REFERENCES `store` (`store_id`),
  CONSTRAINT `store_item_ibfk_2` FOREIGN KEY (`item_id`) REFERENCES `item` (`item_id`)
) ENGINE=InnoDB DEFAULT CHARSET=utf8mb4 COLLATE=utf8mb4_0900_ai_ci;
/*!40101 SET character_set_client = @saved_cs_client */;

--
-- Dumping data for table `store_item`
--

LOCK TABLES `store_item` WRITE;
/*!40000 ALTER TABLE `store_item` DISABLE KEYS */;
INSERT INTO `store_item` VALUES (1,5,96,23.11),(1,8,128,13.81),(1,12,143,22.50),(1,58,144,23.88),(1,99,79,21.95),(1,127,149,21.60),(1,147,49,19.01),(1,169,42,17.56),(1,181,174,5.62),(1,205,82,17.69),(1,211,75,9.74),(1,213,105,21.55),(1,216,75,1.74),(1,235,152,5.02),(1,261,118,12.04),(1,267,94,5.59),(1,282,71,22.23),(1,285,35,21.43),(1,302,173,17.00),(2,10,121,23.96),(2,53,102,2.46),(2,57,159,17.95),(2,67,113,21.14),(2,68,172,18.09),(2,85,196,1.03),(2,88,100,18.06),(2,98,67,10.96),(2,110,65,18.25),(2,122,55,19.90),(2,126,55,12.15),(2,135,135,13.62),(2,142,143,18.83),(2,146,37,23.54),(2,151,118,6.61),(2,159,35,15.22),(2,197,136,10.73),(2,208,75,20.40),(2,214,69,14.04),(2,241,154,7.76),(2,270,88,6.71),(2,299,128,9.80),(4,23,199,21.95),(4,37,189,24.01),(4,95,70,15.43),(4,173,89,16.22),(4,194,167,13.25),(4,257,119,24.50),(4,285,55,23.40),(5,1,54,23.33),(5,5,174,4.82),(5,14,120,10.23),(5,15,4,20.80),(5,18,154,5.93),(5,19,181,24.58),(5,39,14,10.22),(5,46,165,23.30),(5,66,76,11.52),(5,74,67,20.82),(5,79,70,3.23),(5,84,160,14.80),(5,85,182,1.51),(5,95,111,20.69),(5,97,93,10.99),(5,103,81,13.56),(5,109,287,7.25),(5,112,17,22.84),(5,117,33,24.67),(5,129,158,16.56),(5,130,179,20.36),(5,135,132,15.21),(5,141,90,1.38),(5,153,5,9.89),(5,161,95,4.40),(5,178,90,7.28),(5,184,6,3.32),(5,192,77,10.73),(5,207,31,1.49),(5,211,168,3.51),(5,223,175,18.32),(5,263,181,8.12),(5,273,44,3.93),(5,287,102,6.95),(5,290,170,7.63),(5,295,142,2.27),(5,303,166,2.37),(6,4,182,12.86),(6,9,344,8.99),(6,10,136,15.18),(6,22,165,24.43),(6,23,143,12.31),(6,25,127,6.19),(6,38,168,24.79),(6,41,163,12.49),(6,46,12,20.84),(6,49,31,4.52),(6,51,9,15.29),(6,58,86,1.17),(6,62,66,14.87),(6,72,111,20.46),(6,73,90,9.73),(6,79,167,6.17),(6,94,120,11.83),(6,99,26,17.17),(6,105,6,7.58),(6,106,182,2.77),(6,110,31,13.14),(6,115,82,13.78),(6,123,191,11.77),(6,130,101,19.99),(6,138,24,11.60),(6,141,150,13.62),(6,145,29,2.66),(6,155,108,24.40),(6,156,172,24.30),(6,158,27,10.56),(6,175,171,3.40),(6,178,22,18.06),(6,182,32,17.90),(6,185,65,13.23),(6,186,90,24.32),(6,187,177,13.67),(6,192,110,3.58),(6,201,154,9.49),(6,229,157,2.44),(6,232,24,18.54),(6,236,126,12.00),(6,237,194,21.48),(6,250,52,1.21),(6,261,132,24.51),(6,263,112,7.64),(6,266,122,15.89),(6,283,198,8.48),(6,288,135,5.08),(6,292,121,20.69),(6,296,170,24.59),(6,298,78,12.19),(6,303,129,21.63),(6,307,46,16.01),(7,1,172,5.54),(7,12,100,11.86),(7,33,177,15.48),(7,45,175,17.67),(7,79,90,6.00),(7,91,43,13.96),(7,119,185,14.02),(7,181,133,11.40),(7,191,19,13.55),(7,196,79,18.83),(7,220,136,11.22),(7,227,163,17.75),(7,243,152,17.23),(7,250,167,24.14),(7,270,94,15.43),(7,286,103,7.67),(7,291,80,17.48),(7,295,193,21.71),(7,299,109,14.49),(7,302,97,9.35),(8,253,4,21.88),(9,4,146,6.11),(9,13,56,3.59),(9,23,155,19.21),(9,27,15,21.74),(9,28,82,21.26),(9,29,162,20.43),(9,37,134,4.68),(9,59,73,5.95),(9,64,142,1.70),(9,70,181,19.91),(9,82,37,16.19),(9,90,178,5.71),(9,97,124,11.73),(9,107,191,18.56),(9,120,151,22.50),(9,122,66,17.98),(9,130,62,22.94),(9,138,25,14.53),(9,141,138,6.25),(9,161,72,17.54),(9,165,147,16.76),(9,166,144,24.57),(9,171,132,16.88),(9,172,190,22.46),(9,177,10,8.88),(9,187,39,19.00),(9,195,189,4.48),(9,201,14,7.33),(9,211,188,24.00),(9,225,146,12.52),(9,227,74,8.07),(9,240,62,17.44),(9,247,44,14.99),(9,250,81,8.85),(9,262,63,8.88),(9,263,92,18.42),(9,278,76,4.85),(10,9,159,3.32),(10,19,111,24.63),(10,46,2,13.70),(10,100,36,10.71),(10,108,10,13.31),(10,117,6,19.03),(10,224,153,5.51),(10,232,30,17.64),(10,253,103,20.35),(10,289,25,8.73),(11,7,54,14.38),(11,24,17,16.24),(11,29,108,20.78),(11,92,180,13.50),(11,93,26,2.95),(11,129,7,11.93),(11,141,31,19.17),(11,146,195,16.00),(11,153,153,17.09),(11,186,99,10.11),(11,191,143,24.15),(11,193,32,15.82),(11,218,164,1.49),(11,255,103,9.52),(11,298,196,21.14),(11,299,88,3.93),(12,3,99,23.11),(12,12,51,7.52),(12,13,124,1.89),(12,19,169,17.34),(12,39,198,7.48),(12,62,126,2.04),(12,63,181,13.05),(12,76,110,5.25),(12,85,103,1.67),(12,103,146,22.19),(12,127,86,6.41),(12,169,84,24.57),(12,178,127,12.05),(12,201,196,13.58),(12,227,74,23.30),(12,229,139,6.69),(12,246,14,14.76),(13,67,189,1.83),(13,101,127,17.28),(13,170,128,20.13),(13,238,114,18.56),(13,246,40,11.23),(14,34,9,13.79),(14,48,161,4.86),(14,117,15,12.86),(14,159,16,3.09),(14,165,85,4.31),(14,194,8,18.13),(14,202,74,4.40),(14,214,152,3.42),(14,260,87,10.68),(14,265,31,20.93),(15,17,39,12.25),(15,26,97,2.09),(15,40,83,16.49),(15,88,88,8.33),(15,155,197,13.50),(15,271,101,7.74),(15,273,17,13.26),(15,287,200,5.59),(16,3,36,23.70),(16,4,4,23.95),(16,13,120,14.53),(16,33,80,12.45),(16,44,8,10.09),(16,47,16,17.52),(16,85,132,19.39),(16,106,196,6.51),(16,149,20,7.82),(16,155,150,18.65),(16,192,189,14.80),(16,194,114,19.55),(16,200,63,17.23),(16,205,169,15.87),(16,206,56,16.42),(16,235,141,21.19),(16,240,9,10.34),(16,255,38,9.66),(16,265,187,2.06),(16,271,144,22.30),(16,278,96,8.92),(16,287,28,19.85),(16,292,114,4.83),(17,17,34,4.18),(17,25,180,12.83),(17,38,8,6.71),(17,122,186,13.24),(17,132,152,4.11),(17,135,138,15.00),(17,139,183,10.32),(17,191,130,15.40),(17,201,139,16.90),(17,205,191,17.76),(17,217,24,6.38),(17,235,101,12.51),(17,259,37,1.84),(17,266,146,13.24),(17,278,170,23.45),(17,283,184,5.51),(17,303,167,3.52),(18,8,176,14.84),(18,55,124,17.61),(18,73,188,15.69),(18,80,14,13.02),(18,96,63,18.12),(18,111,45,24.57),(18,113,24,16.87),(18,133,188,21.74),(18,139,180,18.68),(18,151,170,2.97),(18,250,172,20.54),(18,267,118,12.13),(19,48,7,14.90),(19,61,138,3.40),(19,171,136,19.01),(19,209,10,24.49),(19,226,130,15.66),(19,229,138,19.38),(20,14,135,14.38),(20,21,36,8.19),(20,29,162,12.73),(20,34,196,8.69),(20,36,189,23.26),(20,54,163,3.55),(20,55,128,19.29),(20,57,231,17.01),(20,68,78,22.38),(20,76,30,3.83),(20,92,90,19.26),(20,93,47,5.31),(20,107,113,10.85),(20,132,60,24.79),(20,136,67,14.66),(20,149,67,23.29),(20,154,137,12.66),(20,155,26,23.93),(20,157,172,15.30),(20,164,70,14.24),(20,189,19,21.31),(20,197,8,24.99),(20,201,301,11.42),(20,207,139,7.96),(20,220,181,10.86),(20,221,266,19.08),(20,224,126,15.41),(20,227,133,8.99),(20,245,140,5.74),(20,246,178,22.86),(20,247,173,15.48),(20,254,11,18.02),(20,259,120,1.30),(20,260,26,13.44),(20,262,59,14.51),(20,266,130,10.27),(20,269,154,21.75),(20,271,36,4.01),(20,279,49,19.77),(20,280,172,3.46),(20,283,86,9.72),(20,296,60,16.78),(20,301,270,11.06),(21,4,7,12.40),(21,13,101,18.43),(21,14,34,10.74),(21,171,72,20.99),(21,182,118,4.93),(21,192,199,10.03),(21,198,112,2.06),(21,258,181,11.55),(21,273,130,21.28),(22,8,23,21.53),(22,22,66,24.59),(22,24,118,2.07),(22,31,127,3.32),(22,32,68,3.67),(22,33,174,15.14),(22,74,69,2.92),(22,92,75,15.84),(22,93,27,17.09),(22,94,4,6.55),(22,105,110,24.41),(22,110,83,6.81),(22,115,67,10.01),(22,123,116,8.19),(22,129,75,1.36),(22,137,153,13.78),(22,152,153,20.50),(22,157,190,17.34),(22,160,95,14.42),(22,162,175,1.88),(22,175,120,14.44),(22,183,78,8.56),(22,193,151,19.75),(22,206,46,10.89),(22,207,112,19.52),(22,208,165,14.72),(22,232,36,23.40),(22,235,133,12.54),(22,241,101,5.37),(22,248,60,7.18),(22,254,129,13.41),(22,269,129,24.95),(22,279,45,1.59),(22,282,108,5.83),(22,283,116,16.67),(22,306,110,7.97),(22,309,116,4.68),(23,6,60,8.07),(23,26,131,12.18),(23,27,103,2.97),(23,34,66,17.13),(23,81,107,9.39),(23,82,106,13.58),(23,85,88,10.35),(23,121,24,10.39),(23,127,161,22.98),(23,128,24,10.37),(23,156,60,24.59),(23,163,155,22.74),(23,167,173,13.00),(23,172,139,2.82),(23,174,185,21.61),(23,188,175,15.01),(23,223,180,15.98),(23,240,30,1.65),(23,242,108,1.48),(23,253,102,7.26),(23,259,54,15.04),(23,271,188,1.66),(23,273,191,17.87),(23,302,174,14.70),(23,303,168,4.11),(23,305,78,22.87),(24,7,33,21.57),(24,10,90,6.98),(24,11,88,16.16),(24,17,181,5.65),(24,22,135,19.01),(24,25,56,24.16),(24,27,48,2.73),(24,28,85,4.49),(24,37,101,5.29),(24,47,154,12.11),(24,55,106,12.89),(24,57,184,5.79),(24,58,0,3.74),(24,64,65,15.37),(24,80,96,15.65),(24,81,126,20.71),(24,84,115,4.16),(24,86,64,24.44),(24,91,133,21.62),(24,97,19,17.01),(24,110,150,22.06),(24,135,176,18.69),(24,141,169,23.06),(24,149,148,14.74),(24,155,91,13.38),(24,175,242,11.52),(24,193,180,6.16),(24,196,191,23.78),(24,208,116,1.55),(24,220,9,12.62),(24,246,129,14.26),(24,248,195,23.15),(24,268,77,9.93),(24,284,7,14.76),(24,285,340,14.19),(24,290,21,21.80),(24,294,167,10.84),(24,302,156,1.16),(24,305,197,2.60),(24,310,27,2.30),(25,4,154,17.71),(25,6,72,2.40),(25,12,135,4.50),(25,16,152,22.29),(25,30,100,22.11),(25,31,60,19.69),(25,33,36,19.09),(25,36,60,17.21),(25,50,104,11.20),(25,78,83,20.61),(25,91,133,4.23),(25,92,86,15.40),(25,94,145,8.91),(25,102,196,8.34),(25,112,90,5.04),(25,155,65,9.53),(25,167,128,19.74),(25,169,131,20.95),(25,171,49,1.33),(25,184,17,24.76),(25,198,22,17.89),(25,201,34,6.73),(25,204,24,23.28),(25,213,82,8.76),(25,221,120,3.66),(25,245,40,7.08),(25,254,119,13.09),(25,264,62,16.73),(25,271,33,18.40),(25,272,68,4.12),(25,279,49,9.67),(25,289,23,6.70),(25,309,45,11.18),(25,310,134,6.50),(26,5,135,8.89),(26,7,167,8.60),(26,16,133,20.54),(26,29,49,18.17),(26,38,69,18.64),(26,40,121,17.02),(26,42,120,3.74),(26,76,14,23.22),(26,95,118,17.06),(26,113,123,12.60),(26,136,179,6.56),(26,163,162,5.07),(26,172,6,2.57),(26,176,182,14.08),(26,182,20,4.67),(26,186,143,20.70),(26,202,132,16.97),(26,215,147,23.97),(26,216,36,22.78),(26,237,153,24.51),(26,244,188,8.71),(26,245,132,18.50),(26,246,103,7.76),(26,259,87,3.58),(26,265,69,8.16),(26,292,171,8.63),(27,22,63,23.35),(27,31,24,6.07),(27,53,2,15.25),(27,62,65,18.22),(27,83,128,13.25),(27,92,36,4.27),(27,96,9,14.29),(27,110,6,13.43),(27,126,117,1.85),(27,130,154,7.95),(27,134,170,24.01),(27,147,8,24.84),(27,187,173,22.54),(27,221,43,22.63),(27,222,138,5.00),(27,230,96,13.43),(27,237,145,8.95),(27,266,57,10.80),(27,278,185,2.54),(27,282,63,18.80),(28,11,19,24.81),(28,16,101,5.01),(28,26,3,2.59),(28,27,181,18.67),(28,49,197,1.29),(28,86,12,13.24),(28,103,43,12.68),(28,110,28,11.32),(28,142,83,19.16),(28,144,146,20.45),(28,162,157,5.12),(28,172,140,13.56),(28,178,24,9.98),(28,183,36,9.61),(28,213,69,24.96),(28,239,84,24.22),(29,7,140,9.74),(29,34,18,22.91),(29,51,111,14.02),(29,52,65,12.39),(29,65,58,8.52),(29,78,44,20.78),(29,101,55,9.80),(29,113,110,15.27),(29,114,136,9.58),(29,126,118,16.10),(29,153,172,10.88),(29,184,162,16.36),(29,186,20,7.23),(29,192,190,5.56),(29,201,76,6.07),(29,204,199,14.82),(29,219,185,8.60),(29,250,189,9.42),(29,252,47,6.40),(29,258,80,22.83),(29,261,92,4.98),(29,265,117,24.90),(29,290,105,15.66),(29,293,6,7.63),(29,308,146,5.98),(30,12,119,6.76),(30,23,144,11.56),(30,107,58,9.95),(30,125,57,24.05),(30,143,70,5.29),(30,164,196,8.23),(30,170,119,5.61),(30,213,153,13.42),(30,248,157,17.28),(30,275,168,22.41),(30,277,100,24.60),(30,279,116,16.60),(30,284,162,1.23),(30,303,110,9.27),(31,28,31,17.59),(31,35,18,19.02),(31,51,73,15.53),(31,63,40,5.23),(31,117,72,24.64),(31,128,7,12.87),(31,131,20,13.78),(31,169,195,5.68),(31,179,44,8.85),(31,187,159,14.48),(31,194,47,17.18),(31,200,84,22.09),(31,215,86,9.80),(31,224,85,17.43),(31,241,155,9.66),(31,257,104,18.27),(31,283,89,1.12),(32,10,20,17.98),(32,14,136,23.74),(32,15,28,7.01),(32,16,112,6.73),(32,36,77,22.47),(32,41,151,20.23),(32,49,170,5.36),(32,59,141,4.82),(32,63,146,20.04),(32,80,29,13.53),(32,82,182,23.21),(32,92,173,24.28),(32,105,40,12.86),(32,106,167,6.74),(32,110,42,20.62),(32,112,104,23.01),(32,119,164,11.25),(32,122,113,19.13),(32,124,166,20.26),(32,134,135,12.31),(32,144,158,23.82),(32,154,132,11.76),(32,159,50,6.63),(32,171,177,22.65),(32,176,186,1.15),(32,181,14,5.89),(32,182,198,9.52),(32,183,116,23.66),(32,195,30,10.28),(32,196,124,14.23),(32,203,88,14.25),(32,209,62,6.59),(32,216,97,6.41),(32,222,217,22.51),(32,229,91,6.02),(32,239,15,22.15),(32,242,26,17.64),(32,260,142,5.31),(32,261,109,5.36),(32,270,35,11.29),(32,271,108,4.78),(32,273,304,9.73),(32,275,30,21.09),(32,281,98,3.15),(32,283,83,6.45),(32,285,192,2.24),(32,286,59,11.30),(32,287,88,22.65),(32,291,133,11.03),(32,295,67,17.10),(32,296,124,20.26),(32,298,91,13.78),(32,301,177,23.55),(33,4,112,19.91),(33,37,75,4.63),(33,65,148,14.37),(33,90,183,4.06),(33,96,48,6.01),(33,147,151,3.09),(33,188,150,12.46),(33,216,107,10.27),(33,263,196,5.88),(34,2,8,3.97),(34,31,22,10.29),(34,32,85,5.26),(34,67,169,7.30),(34,69,171,22.86),(34,76,177,21.65),(34,83,135,2.71),(34,219,105,11.24),(34,268,67,18.55),(34,272,166,2.70),(34,282,125,6.61),(34,288,118,19.74),(34,310,56,5.71),(35,6,126,4.62),(35,20,90,7.47),(35,41,30,1.36),(35,50,101,23.47),(35,53,94,22.73),(35,63,118,15.44),(35,73,55,19.55),(35,88,61,6.80),(35,93,184,19.24),(35,103,74,5.32),(35,127,160,16.57),(35,149,35,17.49),(35,155,23,1.58),(35,164,72,11.53),(35,176,24,2.39),(35,185,137,13.40),(35,193,74,6.51),(35,214,144,5.14),(35,215,32,21.93),(35,236,124,10.38),(35,240,104,2.07),(35,242,16,23.75),(35,248,138,12.74),(35,256,135,2.82),(35,266,124,3.24),(35,269,85,17.31),(35,272,-1,12.37),(35,282,157,14.12),(35,286,163,20.12),(35,288,97,19.14),(36,6,18,4.22),(36,14,44,7.29),(36,16,41,7.80),(36,34,195,17.86),(36,61,33,19.26),(36,139,74,22.22),(36,165,158,10.44),(36,208,101,8.37),(36,224,82,13.21),(36,227,27,19.02),(36,232,80,10.97),(36,234,121,22.00),(36,242,143,16.67),(36,271,169,21.27),(36,273,185,9.70),(36,277,11,3.52),(37,1,199,10.65),(37,25,115,24.55),(37,30,15,11.67),(37,44,199,16.75),(37,60,112,11.62),(37,80,74,17.41),(37,92,80,16.33),(37,106,20,20.52),(37,132,115,15.26),(37,139,127,23.12),(37,150,70,14.18),(37,155,8,22.70),(37,173,180,24.29),(37,183,150,1.96),(37,184,135,24.08),(37,187,129,3.47),(37,195,153,19.97),(37,226,13,17.19),(37,253,67,6.26),(37,261,65,4.39),(38,38,171,16.05),(38,42,55,11.15),(38,82,69,8.72),(38,88,58,16.78),(38,98,56,20.03),(38,108,159,14.83),(38,111,6,8.96),(38,122,30,11.41),(38,127,63,20.43),(38,135,22,6.24),(38,139,77,13.00),(38,171,127,14.37),(38,175,43,8.43),(38,180,84,12.74),(38,186,172,20.55),(38,195,142,16.88),(38,208,175,16.26),(38,234,132,1.48),(38,239,162,23.04),(38,249,99,3.81),(38,251,68,12.95),(38,252,73,24.86),(38,254,97,20.31),(38,261,55,23.04),(38,278,102,24.69),(38,288,170,9.73),(38,303,26,19.74),(41,74,81,11.37),(41,200,141,15.91),(41,245,57,12.82),(42,1,176,13.85),(42,11,189,19.77),(42,21,13,4.04),(42,24,150,6.60),(42,49,187,14.84),(42,57,28,24.83),(42,66,123,4.69),(42,68,212,23.62),(42,78,60,12.31),(42,95,21,1.76),(42,103,65,10.34),(42,118,54,15.34),(42,137,174,21.30),(42,139,128,9.73),(42,143,193,24.25),(42,145,150,15.55),(42,150,77,13.16),(42,157,170,21.67),(42,158,156,11.85),(42,183,13,24.29),(42,205,46,21.17),(42,207,93,23.26),(42,211,15,1.59),(42,222,25,3.82),(42,239,156,13.44),(42,265,131,17.07),(42,290,109,12.23),(42,291,83,1.58),(43,12,119,3.38),(43,26,53,8.73),(43,55,45,13.88),(43,56,132,6.16),(43,61,106,11.82),(43,81,144,2.32),(43,89,140,22.39),(43,93,33,6.75),(43,98,172,18.92),(43,111,125,24.03),(43,113,199,13.10),(43,133,85,19.88),(43,138,172,8.10),(43,139,67,7.93),(43,144,145,4.31),(43,177,183,23.33),(43,178,62,24.22),(43,194,11,18.43),(43,202,29,12.36),(43,204,81,11.73),(43,221,1,8.16),(43,225,273,4.24),(43,228,171,5.17),(43,236,31,14.43),(43,240,61,23.28),(43,268,193,1.14),(43,271,39,5.65),(43,282,56,6.08),(43,287,168,8.92),(44,22,167,15.64),(44,24,89,13.54),(44,32,72,2.27),(44,65,6,23.57),(44,75,23,4.06),(44,95,128,1.37),(44,97,56,4.25),(44,103,156,17.28),(44,118,44,22.50),(44,132,130,16.89),(44,152,64,13.51),(44,167,113,12.95),(44,175,6,24.21),(44,191,94,2.70),(44,218,168,10.65),(44,238,49,13.63),(44,246,121,7.24),(44,247,12,9.03),(44,255,67,20.87),(44,259,98,21.96),(44,260,183,9.49),(44,303,41,15.97),(45,5,185,1.33),(45,39,28,11.57),(45,43,147,13.78),(45,51,159,21.61),(45,65,174,11.00),(45,73,33,1.22),(45,110,105,22.37),(45,126,140,18.88),(45,127,133,21.88),(45,129,53,21.58),(45,148,97,15.08),(45,175,24,10.52),(45,187,88,19.58),(45,203,24,11.43),(45,210,197,16.54),(45,263,80,22.48),(45,270,61,23.90),(45,274,104,1.84),(45,290,87,20.45),(46,2,137,23.04),(46,37,116,19.32),(46,39,162,20.29),(46,48,162,21.78),(46,121,171,12.13),(46,137,130,10.81),(46,149,78,21.29),(46,178,76,12.33),(46,202,168,3.84),(46,227,99,8.15),(46,261,107,4.81),(46,262,183,22.58),(46,271,84,14.87),(46,283,138,5.65),(46,287,44,12.68),(46,309,17,7.24),(47,24,97,5.75),(47,42,26,14.23),(47,51,98,11.80),(47,56,118,15.96),(47,101,40,20.16),(47,216,114,2.92),(47,263,68,7.46),(48,73,10,23.91),(48,84,56,21.64),(48,92,142,24.52),(48,96,83,23.91),(48,99,25,2.74),(48,106,140,15.47),(48,122,121,18.63),(48,130,9,7.13),(48,207,145,16.80),(48,210,125,8.29),(48,212,104,7.19),(48,224,175,24.20),(48,250,88,20.82),(48,259,89,13.58),(48,276,87,16.00),(48,281,196,9.71),(48,285,38,4.01),(48,297,163,18.96),(48,298,95,20.04),(49,16,74,3.34),(49,67,171,11.95),(49,87,50,13.60),(49,172,150,16.90),(49,181,179,20.07),(49,249,143,14.94),(50,34,99,3.38),(50,51,158,9.77),(50,64,192,1.87),(50,83,156,4.43),(50,96,32,16.50),(50,107,154,21.60),(50,117,195,21.60),(50,166,70,7.37),(50,180,76,18.47),(50,251,61,11.90),(50,286,187,1.78),(51,54,52,5.18),(51,77,144,15.70),(51,106,49,24.07),(51,140,65,24.57),(51,153,22,16.56),(51,192,136,13.27),(51,196,144,11.94),(51,208,146,23.48),(51,211,40,21.25),(51,214,75,13.77),(51,246,39,18.32),(51,249,81,4.72),(51,285,47,6.48),(51,289,71,6.82),(52,8,20,7.31),(52,13,113,8.53),(52,52,160,16.55),(52,65,9,11.11),(52,67,137,7.45),(52,68,93,12.87),(52,82,32,19.58),(52,142,101,18.08),(52,228,11,13.99),(52,236,93,23.43),(52,279,112,23.54),(52,304,31,18.49),(52,309,68,7.59),(53,14,100,8.54),(53,18,119,19.26),(53,21,169,24.23),(53,39,140,9.14),(53,42,106,1.45),(53,65,172,3.34),(53,81,174,19.57),(53,83,81,15.11),(53,96,36,13.35),(53,124,104,6.54),(53,128,189,22.10),(53,130,111,4.71),(53,131,105,17.77),(53,145,128,18.13),(53,168,83,24.42),(53,173,122,23.23),(53,189,123,10.71),(53,190,187,5.59),(53,197,28,19.12),(53,199,155,24.44),(53,214,175,17.76),(53,215,51,19.25),(53,216,101,21.75),(53,227,103,2.67),(53,230,157,16.84),(53,233,78,18.85),(53,237,65,3.80),(53,241,107,18.17),(53,242,10,23.70),(53,256,125,21.83),(53,265,187,12.65),(53,272,94,1.36),(53,293,55,14.05),(53,294,110,4.30),(53,310,14,23.11),(54,83,110,15.23),(54,92,78,7.64),(54,116,158,12.78),(54,146,189,9.13),(54,272,125,18.95),(55,7,76,22.28),(55,9,80,5.46),(55,15,51,8.06),(55,42,44,21.40),(55,65,100,13.79),(55,73,14,17.87),(55,81,43,5.76),(55,91,186,1.73),(55,163,69,13.22),(55,171,174,3.04),(55,175,58,6.45),(55,176,35,7.04),(55,209,96,5.52),(55,212,72,11.20),(55,258,117,3.15),(55,285,133,4.55),(55,297,6,8.15),(55,310,94,18.38),(56,34,178,22.30),(56,40,29,5.20),(56,51,12,17.82),(56,60,102,6.55),(56,80,62,12.16),(56,82,108,7.51),(56,128,100,9.12),(56,140,148,17.74),(56,170,124,21.18),(56,203,52,6.58),(56,253,57,7.94),(56,304,172,5.48),(56,306,8,14.36),(58,3,18,3.42),(58,6,10,21.59),(58,8,155,20.69),(58,12,137,21.59),(58,17,208,21.55),(58,29,107,21.30),(58,49,37,15.57),(58,68,46,17.01),(58,72,137,16.93),(58,80,77,14.37),(58,82,158,11.15),(58,87,29,8.63),(58,94,157,8.04),(58,101,168,7.75),(58,102,195,14.14),(58,113,192,19.80),(58,115,48,8.93),(58,129,173,14.52),(58,130,26,2.93),(58,135,163,18.83),(58,169,68,19.56),(58,178,21,3.47),(58,183,198,12.87),(58,193,175,14.10),(58,206,134,16.61),(58,214,199,21.84),(58,226,189,22.67),(58,229,5,12.20),(58,234,141,24.83),(58,248,8,14.71),(58,254,87,12.74),(58,261,95,7.27),(58,289,165,7.17),(58,291,85,17.72),(58,304,196,4.18),(58,307,123,19.83),(58,309,15,5.19),(59,77,61,10.97),(59,104,58,1.79),(59,139,140,8.10),(59,148,191,4.31),(59,169,235,9.78),(59,206,128,9.61),(59,211,78,5.86),(59,224,84,6.54),(59,227,18,7.04),(59,236,54,2.94),(59,251,91,16.77),(59,306,95,11.16),(60,5,85,18.84),(60,23,79,9.28),(60,27,79,23.43),(60,37,34,8.28),(60,71,145,2.44),(60,85,186,5.06),(60,109,113,2.06),(60,135,102,22.34),(60,138,16,9.47),(60,191,122,18.82),(60,225,65,2.51),(60,233,119,17.73),(60,303,27,11.89),(60,311,70,3.74),(61,2,199,11.69),(61,15,32,21.97),(61,29,110,5.66),(61,34,137,13.76),(61,44,143,17.68),(61,66,46,2.74),(61,70,108,8.69),(61,71,188,17.99),(61,77,25,19.69),(61,80,13,6.91),(61,99,134,5.19),(61,115,77,10.80),(61,119,114,11.23),(61,124,322,14.49),(61,125,62,15.36),(61,126,104,3.26),(61,128,41,9.79),(61,129,39,3.63),(61,132,142,21.37),(61,158,90,19.66),(61,174,18,17.01),(61,190,74,23.78),(61,194,32,11.47),(61,196,59,15.60),(61,214,122,11.78),(61,227,176,6.35),(61,235,128,10.01),(61,238,65,23.65),(61,241,192,1.77),(61,253,18,5.07),(61,263,70,23.90),(61,269,41,11.83),(61,308,166,23.50),(62,47,116,12.30),(62,110,97,3.81),(62,147,198,11.73),(62,150,164,14.98),(62,167,78,10.04),(62,170,188,20.23),(62,172,196,6.41),(62,184,140,4.90),(62,192,100,11.39),(62,194,167,16.66),(62,208,57,6.21),(62,209,30,19.81),(62,217,139,22.69),(62,218,27,17.00),(62,223,57,12.68),(62,224,104,9.84),(62,241,127,1.23),(62,244,86,20.32),(62,246,142,13.69),(62,257,119,10.16),(62,265,136,7.77),(62,269,178,10.99),(62,275,79,20.18),(62,280,40,4.21),(62,299,81,19.48),(63,5,34,2.10),(63,113,24,1.20),(63,133,144,24.94),(63,139,80,11.35),(63,198,25,18.72),(63,236,110,6.95),(63,241,336,13.31),(63,244,142,13.96),(64,34,137,15.57),(64,62,82,1.92),(64,63,194,1.22),(64,75,169,14.59),(64,110,60,19.40),(64,155,65,6.17),(64,186,199,10.82),(64,214,188,7.91),(64,259,272,10.60),(64,293,6,21.78),(65,9,76,13.54),(65,14,26,13.17),(65,60,39,16.88),(65,97,178,1.50),(65,124,90,5.78),(65,129,13,8.77),(65,165,109,24.93),(65,221,151,10.77),(65,227,118,23.77),(65,230,93,11.99),(65,253,13,19.99),(65,276,34,3.89),(65,297,15,13.07),(66,12,60,15.34),(66,13,70,11.18),(66,26,148,6.04),(66,33,86,8.28),(66,37,172,9.84),(66,77,33,12.76),(66,79,69,23.56),(66,97,33,1.10),(66,118,52,24.70),(66,139,89,23.52),(66,150,54,14.89),(66,157,18,8.11),(66,177,14,17.05),(66,213,183,7.04),(66,233,104,13.34),(66,246,150,3.11),(66,263,49,12.70),(66,278,44,9.93),(66,279,81,16.00),(66,293,72,17.53),(66,311,43,9.65),(67,7,136,15.74),(67,29,182,6.22),(67,58,88,2.91),(67,118,32,11.25),(67,120,67,2.25),(67,172,186,2.41),(67,176,77,4.75),(67,209,21,7.54),(67,217,108,18.61),(67,233,85,20.40),(67,240,125,19.53),(68,45,73,4.18),(68,82,151,1.43),(68,111,172,9.99),(68,130,45,6.38),(68,144,84,3.48),(68,153,133,23.61),(68,222,189,18.63),(68,260,190,8.01),(69,4,34,6.92),(69,10,89,20.23),(69,12,10,16.10),(69,23,74,21.70),(69,36,96,9.85),(69,41,5,24.35),(69,75,-5,21.97),(69,80,28,13.18),(69,116,73,4.60),(69,130,156,21.63),(69,134,35,8.44),(69,138,68,16.17),(69,139,183,1.58),(69,177,25,15.22),(69,181,4,19.56),(69,207,42,1.38),(69,212,148,16.88),(69,226,93,5.11),(69,249,172,19.17),(69,262,134,16.96),(69,266,145,21.56),(69,276,76,22.80),(69,280,96,2.95),(69,288,55,16.76),(69,292,19,24.83),(70,4,110,5.64),(70,8,104,18.75),(70,9,99,23.86),(70,52,141,14.82),(70,74,104,2.60),(70,83,184,5.09),(70,101,43,7.29),(70,102,134,17.57),(70,106,191,19.34),(70,124,196,8.59),(70,156,360,19.71),(70,158,65,24.36),(70,166,54,2.92),(70,195,59,16.14),(70,205,70,8.03),(70,224,57,19.33),(70,250,30,1.24),(70,255,183,21.54),(70,281,66,11.43),(70,295,168,16.75),(70,303,119,1.43),(70,305,155,11.43),(71,13,138,10.41),(71,30,17,4.59),(71,32,58,4.92),(71,84,161,4.80),(71,101,68,19.42),(71,117,13,13.53),(71,120,41,16.08),(71,127,171,4.45),(71,138,148,12.70),(71,148,34,23.89),(71,166,15,11.39),(71,211,35,23.73),(71,238,70,10.57),(71,263,25,2.14),(71,271,100,20.23),(71,274,143,4.17),(71,288,169,8.91),(71,300,66,19.61),(71,304,111,21.20),(72,14,104,14.91),(72,34,195,3.17),(72,44,140,6.89),(72,86,76,11.22),(72,130,120,19.67),(72,151,170,9.13),(72,180,172,1.79),(72,199,49,18.44),(72,214,138,20.12),(72,218,165,21.50),(72,296,115,19.92),(72,304,122,16.93),(73,16,112,22.83),(73,19,161,2.62),(73,28,70,4.91),(73,34,171,21.91),(73,35,101,8.10),(73,46,157,24.46),(73,109,10,22.47),(73,120,189,11.98),(73,134,47,6.92),(73,146,64,19.81),(73,149,31,15.13),(73,151,119,7.33),(73,168,79,19.51),(73,170,56,24.32),(73,175,127,19.14),(73,179,116,22.45),(73,211,27,15.22),(73,229,85,13.95),(73,246,130,17.67),(73,266,181,16.88),(73,279,41,17.83),(73,284,93,11.81),(73,296,129,8.77),(73,307,110,5.64),(74,15,27,5.65),(74,20,154,5.41),(74,22,9,2.61),(74,27,55,1.65),(74,43,28,10.53),(74,51,134,4.38),(74,75,47,8.57),(74,76,144,12.24),(74,77,27,2.59),(74,83,129,9.58),(74,119,9,18.97),(74,139,16,22.26),(74,160,115,10.93),(74,170,41,21.91),(74,185,1,17.40),(74,187,160,1.66),(74,196,199,20.48),(74,203,87,22.96),(74,244,43,2.41),(74,248,184,8.16),(74,261,116,3.10),(74,263,166,18.61),(74,292,180,2.93),(74,297,42,10.18),(74,303,191,10.54),(74,304,37,15.73),(75,7,26,3.02),(75,13,52,9.43),(75,17,15,3.45),(75,55,78,15.76),(75,56,234,16.27),(75,58,5,21.90),(75,61,113,11.25),(75,62,5,9.71),(75,74,7,15.65),(75,80,135,5.74),(75,84,188,13.41),(75,92,103,7.70),(75,96,18,8.70),(75,101,87,7.23),(75,106,90,2.47),(75,111,181,9.79),(75,116,91,3.94),(75,142,146,17.51),(75,148,69,5.81),(75,150,25,3.19),(75,154,140,23.79),(75,155,101,7.12),(75,163,158,17.76),(75,173,194,15.54),(75,178,15,20.05),(75,184,171,17.69),(75,186,196,24.47),(75,202,66,4.94),(75,225,185,7.93),(75,229,109,18.04),(75,243,71,2.46),(75,249,87,10.60),(75,258,18,21.68),(75,263,87,2.90),(75,267,104,21.56),(75,303,55,11.07),(75,309,79,19.05),(76,18,6,2.31),(76,23,162,15.29),(76,69,133,1.47),(76,73,39,20.07),(76,88,44,12.88),(76,100,133,4.37),(76,141,97,10.29),(76,173,28,9.22),(76,241,132,10.58),(77,6,120,22.28),(77,11,45,16.82),(77,32,84,23.40),(77,41,11,10.04),(77,58,37,7.27),(77,79,11,6.99),(77,100,17,23.76),(77,115,142,6.15),(77,120,110,23.47),(77,127,60,18.90),(77,130,13,22.59),(77,131,148,3.64),(77,145,90,11.32),(77,148,192,4.46),(77,169,188,7.73),(77,199,19,8.61),(77,204,41,2.83),(77,222,5,11.53),(77,226,6,4.12),(80,23,159,1.67),(80,69,58,12.76),(80,119,140,13.86),(80,170,175,7.80),(80,179,117,18.82),(80,193,67,8.18),(80,206,173,13.85),(80,211,5,1.25),(80,213,131,3.91),(80,233,196,18.80),(80,256,50,11.43),(80,274,131,5.56),(80,289,178,1.22),(80,294,21,9.16),(81,10,139,12.93),(81,78,168,15.24),(81,91,144,12.88),(81,118,34,1.88),(81,143,113,14.85),(81,148,109,21.49),(81,221,116,10.88),(81,262,92,2.18),(81,291,182,5.69),(81,292,82,6.52),(81,303,138,22.58),(82,31,96,1.74),(82,50,146,14.81),(82,214,172,9.00),(82,224,76,10.37),(82,254,90,7.30),(83,15,112,20.70),(83,16,50,5.17),(83,21,191,4.53),(83,34,106,5.76),(83,51,173,9.39),(83,53,108,5.26),(83,75,46,2.50),(83,77,45,10.27),(83,79,150,22.03),(83,92,63,7.62),(83,96,36,18.73),(83,101,56,24.71),(83,106,151,9.54),(83,128,39,1.02),(83,140,57,21.74),(83,144,168,14.56),(83,154,134,23.85),(83,159,75,4.56),(83,184,36,20.74),(83,186,63,15.48),(83,193,19,4.67),(83,206,103,2.81),(83,207,74,12.60),(83,213,6,22.13),(83,226,79,20.44),(83,230,141,3.69),(83,250,149,2.68),(83,260,159,8.04),(83,262,100,16.71),(83,267,132,5.78),(83,294,56,2.66),(83,297,178,3.15),(84,18,67,2.00),(84,20,90,5.83),(84,42,109,22.85),(84,52,114,10.80),(84,68,88,16.19),(84,70,155,9.83),(84,118,195,1.58),(84,128,11,4.88),(84,130,61,13.35),(84,136,64,22.56),(84,145,174,13.20),(84,146,120,17.86),(84,205,187,2.15),(84,214,165,24.84),(84,218,55,20.58),(84,221,83,22.57),(84,238,69,24.59),(84,286,154,7.17),(84,297,151,17.94),(84,307,94,5.15),(85,22,52,20.72),(85,48,45,15.05),(85,51,142,21.54),(85,52,59,9.30),(85,69,142,19.28),(85,70,170,5.47),(85,87,89,2.87),(85,113,99,22.64),(85,147,7,4.63),(85,151,37,12.43),(85,158,58,12.49),(85,159,170,19.02),(85,167,145,13.71),(85,180,21,18.32),(85,193,30,5.68),(85,196,108,4.83),(85,255,31,20.65),(85,256,71,13.21),(86,20,38,21.13),(86,91,102,1.93),(86,101,97,11.49),(86,107,73,11.02),(86,113,147,20.68),(86,133,146,11.51),(86,179,70,15.14),(86,190,128,19.19),(86,238,166,13.13),(86,244,127,12.33),(86,284,101,20.74),(86,308,32,3.33),(86,311,79,14.85),(87,69,112,13.90),(87,72,103,11.63),(87,131,31,8.37),(87,193,18,7.18),(87,209,195,4.37),(88,2,93,20.10),(88,4,128,15.09),(88,8,161,12.58),(88,13,96,10.54),(88,20,19,4.16),(88,31,186,13.85),(88,34,40,14.32),(88,36,23,3.02),(88,38,104,14.51),(88,47,195,14.36),(88,52,139,20.95),(88,62,21,6.66),(88,80,101,23.27),(88,89,73,22.58),(88,93,194,1.70),(88,96,150,24.13),(88,102,169,5.93),(88,106,84,22.17),(88,114,199,14.88),(88,126,181,8.25),(88,139,129,11.87),(88,150,103,4.47),(88,158,138,21.32),(88,167,102,23.46),(88,170,104,1.04),(88,187,187,19.21),(88,189,44,22.02),(88,201,145,11.68),(88,207,144,9.27),(88,209,70,10.44),(88,218,65,5.57),(88,220,130,23.45),(88,223,181,7.05),(88,225,199,24.27),(88,228,40,5.81),(88,237,21,14.52),(88,239,56,6.28),(88,241,188,5.53),(88,244,105,23.27),(88,256,63,1.75),(88,258,72,13.74),(88,259,22,3.71),(88,266,73,8.85),(88,274,114,4.73),(88,294,165,7.47),(88,295,120,3.24),(88,304,157,24.27),(88,309,196,24.85),(89,1,115,22.13),(89,53,120,21.79),(89,91,118,12.78),(89,97,22,1.80),(89,99,104,12.71),(89,116,123,10.70),(89,129,26,3.80),(89,150,154,24.91),(89,166,83,8.14),(89,177,75,24.25),(89,185,164,24.18),(89,255,129,13.31),(89,277,121,20.50),(89,284,131,1.79),(90,3,179,17.83),(90,14,180,5.14),(90,33,160,17.06),(90,63,70,12.29),(90,98,40,5.66),(90,118,186,4.76),(90,131,20,14.11),(90,137,148,21.75),(90,143,186,19.54),(90,151,11,2.70),(90,152,55,16.12),(90,169,53,1.78),(90,191,21,5.74),(90,199,71,7.98),(90,201,146,13.14),(90,269,126,22.38),(90,275,64,12.16),(90,289,132,19.16),(90,291,195,3.99),(90,292,90,7.30),(90,293,15,5.56),(90,310,137,19.29),(91,11,121,11.73),(91,17,193,16.13),(91,33,129,11.76),(91,35,53,16.37),(91,48,190,6.81),(91,56,72,9.50),(91,63,61,24.07),(91,66,43,13.18),(91,80,53,17.98),(91,84,76,23.80),(91,111,68,14.21),(91,112,88,7.99),(91,134,47,17.69),(91,159,123,23.42),(91,170,83,2.48),(91,264,105,4.08),(91,269,131,17.82),(91,283,149,24.18),(92,16,188,2.67),(92,17,192,7.89),(92,18,71,6.61),(92,22,136,14.65),(92,27,136,13.83),(92,33,84,23.47),(92,47,72,14.58),(92,53,68,17.62),(92,59,130,9.25),(92,66,177,20.34),(92,70,130,14.60),(92,76,55,9.94),(92,78,187,1.15),(92,79,8,15.89),(92,106,67,2.04),(92,114,32,5.20),(92,132,87,10.14),(92,153,12,12.51),(92,156,16,5.51),(92,177,137,4.55),(92,186,127,21.15),(92,192,182,22.41),(92,212,21,18.08),(92,215,101,13.34),(92,233,86,13.86),(92,237,54,18.89),(92,244,125,7.06),(92,256,120,15.16),(92,272,40,18.45),(92,275,119,19.42),(92,276,184,11.93),(92,286,9,20.87),(92,296,199,11.57),(92,304,180,11.13),(92,307,213,17.25),(92,310,73,1.91),(93,6,53,18.73),(93,9,33,24.13),(93,21,27,16.48),(93,28,4,17.81),(93,29,10,10.92),(93,43,128,20.39),(93,49,70,11.44),(93,50,157,17.88),(93,73,32,21.93),(93,77,132,3.54),(93,78,84,7.43),(93,94,171,4.66),(93,95,12,4.65),(93,98,95,12.57),(93,126,102,9.66),(93,151,118,2.66),(93,190,198,3.77),(93,191,67,7.81),(93,220,134,21.27),(93,234,193,6.56),(93,250,89,23.40),(93,252,73,16.67),(93,305,159,15.37),(93,309,68,8.85),(94,17,182,8.10),(94,27,188,14.97),(94,32,158,13.01),(94,33,116,5.61),(94,40,42,19.63),(94,50,51,7.10),(94,52,35,24.17),(94,54,245,18.80),(94,65,168,19.19),(94,66,3,6.35),(94,86,50,10.77),(94,87,87,23.97),(94,92,13,24.17),(94,106,172,8.33),(94,115,164,24.84),(94,118,120,7.10),(94,123,200,7.19),(94,129,142,5.37),(94,152,197,18.20),(94,193,97,15.85),(94,222,168,15.20),(94,227,19,2.86),(94,230,28,24.25),(94,234,8,2.43),(94,237,69,4.54),(94,247,143,17.24),(94,249,91,4.04),(94,260,98,24.93),(94,263,7,7.01),(94,264,58,2.80),(94,282,135,6.87),(94,297,164,16.27),(95,3,61,2.98),(95,10,123,9.93),(95,11,193,12.70),(95,12,14,7.52),(95,19,57,12.81),(95,31,64,8.77),(95,39,66,9.27),(95,57,162,9.98),(95,83,111,13.29),(95,90,101,16.57),(95,103,50,10.18),(95,117,195,18.79),(95,132,45,24.58),(95,157,71,4.95),(95,159,24,3.21),(95,220,59,23.38),(95,224,175,24.81),(95,272,107,10.19),(95,278,197,16.92),(95,281,142,15.02),(95,295,61,18.32),(95,299,58,3.86),(96,15,104,23.98),(96,25,181,5.20),(96,28,76,14.71),(96,44,40,16.24),(96,53,7,5.48),(96,59,181,6.51),(96,60,73,15.36),(96,66,177,17.74),(96,68,172,21.39),(96,70,134,16.31),(96,78,44,4.74),(96,86,49,12.49),(96,93,38,20.25),(96,94,29,17.03),(96,98,79,5.15),(96,106,80,24.29),(96,120,218,17.51),(96,125,186,18.45),(96,127,95,17.45),(96,130,138,19.94),(96,137,142,12.13),(96,150,217,15.08),(96,159,107,8.26),(96,162,47,3.62),(96,172,70,24.68),(96,179,167,13.83),(96,193,59,11.89),(96,194,188,3.25),(96,198,128,9.41),(96,207,102,1.38),(96,214,107,24.24),(96,221,156,9.55),(96,229,27,15.02),(96,237,76,7.19),(96,247,91,4.79),(96,248,47,3.74),(96,249,98,4.12),(96,251,85,7.28),(96,256,82,20.99),(96,264,15,24.76),(96,267,153,15.55),(96,271,5,4.18),(96,278,190,12.58),(96,281,181,16.20),(96,283,3,7.18),(96,290,71,21.81),(96,291,123,11.71),(96,292,102,16.74),(96,303,181,3.36),(96,307,7,24.46),(96,311,136,6.32),(97,4,161,6.42),(97,12,128,12.89),(97,17,187,23.68),(97,21,41,8.54),(97,67,81,23.75),(97,73,180,12.54),(97,81,119,24.16),(97,90,126,21.10),(97,96,153,4.55),(97,110,141,1.78),(97,121,74,9.47),(97,132,31,17.24),(97,133,122,20.69),(97,137,183,21.81),(97,154,60,18.80),(97,161,104,7.90),(97,166,8,20.45),(97,177,37,15.29),(97,179,154,6.46),(97,219,69,2.37),(97,235,85,21.97),(97,239,99,8.54),(97,245,144,16.01),(97,252,129,15.68),(97,259,20,20.03),(97,268,58,7.91),(97,286,36,10.62),(97,303,37,11.83),(98,4,41,4.08),(98,31,50,3.64),(98,80,58,15.80),(98,99,198,8.23),(98,122,180,21.67),(98,134,123,19.11),(98,164,85,9.74),(98,199,136,9.98),(98,279,24,8.62),(98,283,183,5.44),(98,285,33,2.45),(98,306,198,9.24),(99,29,141,4.56),(99,32,138,11.65),(99,51,151,7.73),(99,75,192,8.09),(99,79,178,2.98),(99,98,11,5.36),(99,138,110,7.12),(99,148,130,19.53),(99,166,112,14.66),(99,172,46,3.61),(99,180,166,12.72),(99,190,118,20.99),(99,194,79,6.49),(99,200,179,1.98),(99,206,146,20.56),(99,207,26,5.92),(99,215,86,24.75),(99,229,132,6.62),(99,238,176,6.89),(99,255,114,24.94),(99,260,136,9.18),(99,298,55,15.72),(100,7,6,1.03),(100,9,13,15.54),(100,26,57,13.54),(100,27,47,18.75),(100,38,117,8.30),(100,49,183,4.33),(100,54,192,1.48),(100,57,178,4.45),(100,61,50,11.34),(100,64,118,18.42),(100,67,88,3.52),(100,69,27,4.83),(100,71,83,24.15),(100,74,196,15.87),(100,85,133,11.01),(100,89,6,7.71),(100,107,192,24.92),(100,117,47,8.94),(100,118,104,19.81),(100,133,142,18.67),(100,153,89,20.11),(100,179,7,5.30),(100,188,107,15.57),(100,197,26,13.78),(100,208,96,4.68),(100,214,116,6.45),(100,217,8,9.31),(100,224,25,14.35),(100,229,35,7.43),(100,238,105,1.28),(100,251,125,22.55),(100,285,138,16.45),(100,297,129,22.64),(100,301,119,10.78);
/*!40000 ALTER TABLE `store_item` ENABLE KEYS */;
UNLOCK TABLES;

--
-- Table structure for table `supply`
--

DROP TABLE IF EXISTS `supply`;
/*!40101 SET @saved_cs_client     = @@character_set_client */;
/*!50503 SET character_set_client = utf8mb4 */;
CREATE TABLE `supply` (
  `supply_id` int NOT NULL AUTO_INCREMENT,
  `warehouse_id` int NOT NULL,
  `store_id` int NOT NULL,
  `supply_date` date NOT NULL,
  PRIMARY KEY (`supply_id`),
  KEY `warehouse_id` (`warehouse_id`),
  KEY `store_id` (`store_id`),
  CONSTRAINT `supply_ibfk_1` FOREIGN KEY (`warehouse_id`) REFERENCES `warehouse` (`warehouse_id`),
  CONSTRAINT `supply_ibfk_2` FOREIGN KEY (`store_id`) REFERENCES `store` (`store_id`)
) ENGINE=InnoDB AUTO_INCREMENT=301 DEFAULT CHARSET=utf8mb4 COLLATE=utf8mb4_0900_ai_ci;
/*!40101 SET character_set_client = @saved_cs_client */;

--
-- Dumping data for table `supply`
--

LOCK TABLES `supply` WRITE;
/*!40000 ALTER TABLE `supply` DISABLE KEYS */;
INSERT INTO `supply` VALUES (1,12,7,'2022-01-02'),(2,20,71,'2022-01-02'),(3,14,99,'2022-01-04'),(4,24,45,'2022-01-04'),(5,21,23,'2022-01-06'),(6,12,61,'2022-01-06'),(7,18,32,'2022-01-06'),(8,19,58,'2022-01-09'),(9,19,53,'2022-01-12'),(10,18,5,'2022-01-12'),(11,21,48,'2022-01-15'),(12,10,98,'2022-01-16'),(13,22,92,'2022-01-17'),(14,15,77,'2022-01-21'),(15,3,19,'2022-01-21'),(16,14,9,'2022-01-21'),(17,23,96,'2022-01-22'),(18,21,90,'2022-01-22'),(19,25,55,'2022-01-23'),(20,16,85,'2022-01-24'),(21,21,5,'2022-01-25'),(22,5,92,'2022-01-28'),(23,10,71,'2022-01-29'),(24,1,6,'2022-01-30'),(25,18,89,'2022-02-01'),(26,6,43,'2022-02-02'),(27,17,22,'2022-02-04'),(28,2,74,'2022-02-04'),(29,16,61,'2022-02-05'),(30,12,60,'2022-02-06'),(31,8,32,'2022-02-08'),(32,5,43,'2022-02-10'),(33,11,92,'2022-02-12'),(34,11,42,'2022-02-12'),(35,18,33,'2022-02-15'),(36,8,23,'2022-02-19'),(37,15,61,'2022-02-21'),(38,19,69,'2022-02-21'),(39,12,2,'2022-02-21'),(40,5,97,'2022-02-21'),(41,21,28,'2022-02-21'),(42,14,15,'2022-02-23'),(43,25,20,'2022-02-24'),(44,10,53,'2022-02-24'),(45,13,24,'2022-02-24'),(46,16,45,'2022-02-25'),(47,2,72,'2022-02-27'),(48,25,25,'2022-03-01'),(49,17,35,'2022-03-02'),(50,9,95,'2022-03-03'),(51,11,20,'2022-03-05'),(52,18,58,'2022-03-07'),(53,23,66,'2022-03-09'),(54,3,88,'2022-03-10'),(55,16,84,'2022-03-12'),(56,4,25,'2022-03-12'),(57,20,90,'2022-03-14'),(58,9,6,'2022-03-16'),(59,1,30,'2022-03-16'),(60,12,16,'2022-03-16'),(61,8,6,'2022-03-19'),(62,16,53,'2022-03-20'),(63,24,11,'2022-03-20'),(64,18,58,'2022-03-21'),(65,6,56,'2022-03-21'),(66,3,48,'2022-03-23'),(67,4,75,'2022-03-23'),(68,11,50,'2022-03-25'),(69,25,28,'2022-03-29'),(70,4,18,'2022-03-31'),(71,12,2,'2022-03-31'),(72,5,95,'2022-04-01'),(73,15,24,'2022-04-05'),(74,14,9,'2022-04-05'),(75,11,74,'2022-04-06'),(76,4,67,'2022-04-06'),(77,7,34,'2022-04-06'),(78,8,8,'2022-04-07'),(79,8,46,'2022-04-09'),(80,20,64,'2022-04-11'),(81,6,23,'2022-04-14'),(82,10,94,'2022-04-14'),(83,7,61,'2022-04-15'),(84,6,84,'2022-04-17'),(85,5,5,'2022-04-17'),(86,4,35,'2022-04-19'),(87,19,4,'2022-04-19'),(88,16,83,'2022-04-20'),(89,18,32,'2022-04-20'),(90,19,58,'2022-04-21'),(91,10,29,'2022-04-22'),(92,9,64,'2022-04-22'),(93,15,97,'2022-04-24'),(94,2,73,'2022-04-25'),(95,15,38,'2022-04-25'),(96,24,31,'2022-04-25'),(97,12,88,'2022-04-26'),(98,8,96,'2022-04-28'),(99,21,22,'2022-05-02'),(100,11,66,'2022-05-02'),(101,3,53,'2022-05-02'),(102,11,75,'2022-05-04'),(103,8,36,'2022-05-05'),(104,21,14,'2022-05-05'),(105,22,76,'2022-05-05'),(106,8,83,'2022-05-08'),(107,7,88,'2022-05-10'),(108,16,44,'2022-05-10'),(109,19,34,'2022-05-11'),(110,5,88,'2022-05-11'),(111,3,44,'2022-05-12'),(112,5,86,'2022-05-12'),(113,16,88,'2022-05-12'),(114,19,13,'2022-05-15'),(115,25,27,'2022-05-16'),(116,8,93,'2022-05-16'),(117,20,62,'2022-05-17'),(118,2,75,'2022-05-18'),(119,16,27,'2022-05-18'),(120,4,48,'2022-05-21'),(121,21,36,'2022-05-22'),(122,5,93,'2022-05-23'),(123,19,70,'2022-05-24'),(124,3,59,'2022-05-24'),(125,23,48,'2022-05-25'),(126,8,94,'2022-05-26'),(127,5,38,'2022-05-29'),(128,17,73,'2022-05-29'),(129,3,94,'2022-05-29'),(130,14,94,'2022-05-30'),(131,21,9,'2022-06-01'),(132,16,96,'2022-06-01'),(133,24,66,'2022-06-02'),(134,23,59,'2022-06-02'),(135,20,51,'2022-06-04'),(136,8,32,'2022-06-04'),(137,23,1,'2022-06-05'),(138,10,29,'2022-06-06'),(139,15,11,'2022-06-07'),(140,3,56,'2022-06-09'),(141,19,55,'2022-06-10'),(142,20,100,'2022-06-12'),(143,24,87,'2022-06-13'),(144,11,97,'2022-06-13'),(145,9,53,'2022-06-14'),(146,15,100,'2022-06-15'),(147,8,32,'2022-06-15'),(148,8,5,'2022-06-16'),(149,24,10,'2022-06-17'),(150,20,6,'2022-06-18'),(151,21,70,'2022-06-19'),(152,4,69,'2022-06-20'),(153,6,84,'2022-06-20'),(154,6,41,'2022-06-21'),(155,13,20,'2022-06-21'),(156,8,16,'2022-06-23'),(157,2,88,'2022-06-24'),(158,24,5,'2022-06-26'),(159,23,74,'2022-06-26'),(160,23,89,'2022-06-27'),(161,11,11,'2022-06-28'),(162,21,50,'2022-06-29'),(163,19,26,'2022-06-30'),(164,3,93,'2022-06-30'),(165,11,99,'2022-07-01'),(166,3,1,'2022-07-01'),(167,9,62,'2022-07-01'),(168,12,89,'2022-07-01'),(169,18,25,'2022-07-02'),(170,21,43,'2022-07-03'),(171,9,10,'2022-07-05'),(172,16,91,'2022-07-07'),(173,19,1,'2022-07-07'),(174,11,6,'2022-07-08'),(175,7,81,'2022-07-09'),(176,18,49,'2022-07-13'),(177,22,2,'2022-07-14'),(178,11,63,'2022-07-15'),(179,15,32,'2022-07-16'),(180,24,24,'2022-07-18'),(181,16,17,'2022-07-19'),(182,15,6,'2022-07-21'),(183,4,62,'2022-07-23'),(184,23,73,'2022-07-26'),(185,2,70,'2022-07-28'),(186,16,63,'2022-07-30'),(187,13,24,'2022-07-31'),(188,23,35,'2022-07-31'),(189,17,99,'2022-08-01'),(190,7,90,'2022-08-02'),(191,17,80,'2022-08-03'),(192,17,25,'2022-08-05'),(193,14,7,'2022-08-06'),(194,1,26,'2022-08-06'),(195,9,73,'2022-08-06'),(196,4,12,'2022-08-08'),(197,21,53,'2022-08-09'),(198,19,9,'2022-08-10'),(199,10,35,'2022-08-11'),(200,13,12,'2022-08-12'),(201,12,95,'2022-08-15'),(202,24,58,'2022-08-16'),(203,8,46,'2022-08-16'),(204,10,96,'2022-08-17'),(205,7,85,'2022-08-17'),(206,15,52,'2022-08-18'),(207,3,22,'2022-08-18'),(208,23,84,'2022-08-18'),(209,16,37,'2022-08-19'),(210,11,7,'2022-08-19'),(211,9,9,'2022-08-19'),(212,24,95,'2022-08-20'),(213,16,61,'2022-08-21'),(214,21,30,'2022-08-22'),(215,19,16,'2022-08-23'),(216,15,18,'2022-08-24'),(217,12,65,'2022-08-25'),(218,6,52,'2022-08-27'),(219,11,54,'2022-08-29'),(220,12,100,'2022-08-29'),(221,1,36,'2022-09-02'),(222,12,42,'2022-09-03'),(223,13,75,'2022-09-03'),(224,13,24,'2022-09-04'),(225,25,32,'2022-09-05'),(226,17,51,'2022-09-05'),(227,6,100,'2022-09-05'),(228,5,88,'2022-09-07'),(229,24,29,'2022-09-10'),(230,22,20,'2022-09-11'),(231,7,38,'2022-09-14'),(232,3,44,'2022-09-16'),(233,9,58,'2022-09-16'),(234,4,17,'2022-09-16'),(235,13,96,'2022-09-17'),(236,21,31,'2022-09-19'),(237,9,80,'2022-09-21'),(238,8,90,'2022-09-23'),(239,8,16,'2022-09-25'),(240,3,52,'2022-09-27'),(241,1,91,'2022-09-27'),(242,6,42,'2022-09-27'),(243,9,25,'2022-09-27'),(244,4,21,'2022-09-28'),(245,13,69,'2022-09-28'),(246,11,91,'2022-09-28'),(247,20,99,'2022-09-28'),(248,10,46,'2022-09-30'),(249,3,65,'2022-09-30'),(250,6,32,'2022-09-30'),(251,24,6,'2022-10-01'),(252,24,20,'2022-10-02'),(253,22,42,'2022-10-02'),(254,15,33,'2022-10-03'),(255,12,92,'2022-10-04'),(256,16,100,'2022-10-06'),(257,21,75,'2022-10-09'),(258,9,37,'2022-10-11'),(259,4,37,'2022-10-13'),(260,24,69,'2022-10-13'),(261,5,97,'2022-10-14'),(262,15,35,'2022-10-17'),(263,2,92,'2022-10-17'),(264,18,26,'2022-10-18'),(265,1,28,'2022-10-18'),(266,21,68,'2022-10-19'),(267,6,69,'2022-10-20'),(268,14,27,'2022-10-20'),(269,10,83,'2022-10-21'),(270,1,24,'2022-10-24'),(271,6,42,'2022-10-24'),(272,22,23,'2022-10-25'),(273,3,26,'2022-10-28'),(274,19,47,'2022-10-31'),(275,5,43,'2022-11-01'),(276,7,50,'2022-11-03'),(277,24,38,'2022-11-04'),(278,1,72,'2022-11-04'),(279,10,83,'2022-11-05'),(280,24,82,'2022-11-05'),(281,12,55,'2022-11-05'),(282,15,29,'2022-11-08'),(283,13,86,'2022-11-10'),(284,25,31,'2022-11-13'),(285,12,42,'2022-11-17'),(286,23,67,'2022-11-17'),(287,8,93,'2022-11-18'),(288,11,43,'2022-11-19'),(289,8,77,'2022-11-20'),(290,20,36,'2022-11-20'),(291,19,74,'2022-11-21'),(292,4,24,'2022-11-21'),(293,11,60,'2022-11-21'),(294,23,23,'2022-11-22'),(295,2,9,'2022-11-25'),(296,19,85,'2022-11-27'),(297,16,71,'2022-11-27'),(298,4,44,'2022-11-27'),(299,25,22,'2022-11-28'),(300,22,81,'2022-11-29');
/*!40000 ALTER TABLE `supply` ENABLE KEYS */;
UNLOCK TABLES;

--
-- Table structure for table `supply_item`
--

DROP TABLE IF EXISTS `supply_item`;
/*!40101 SET @saved_cs_client     = @@character_set_client */;
/*!50503 SET character_set_client = utf8mb4 */;
CREATE TABLE `supply_item` (
  `supply_id` int NOT NULL,
  `item_id` int NOT NULL,
  `quantity` int DEFAULT NULL,
  `unit_price` decimal(6,2) NOT NULL,
  PRIMARY KEY (`supply_id`,`item_id`),
  KEY `item_id` (`item_id`),
  CONSTRAINT `supply_item_ibfk_1` FOREIGN KEY (`supply_id`) REFERENCES `supply` (`supply_id`),
  CONSTRAINT `supply_item_ibfk_2` FOREIGN KEY (`item_id`) REFERENCES `item` (`item_id`)
) ENGINE=InnoDB DEFAULT CHARSET=utf8mb4 COLLATE=utf8mb4_0900_ai_ci;
/*!40101 SET character_set_client = @saved_cs_client */;

--
-- Dumping data for table `supply_item`
--

LOCK TABLES `supply_item` WRITE;
/*!40000 ALTER TABLE `supply_item` DISABLE KEYS */;
INSERT INTO `supply_item` VALUES (1,12,100,11.86),(1,91,48,13.96),(1,119,185,14.02),(1,181,135,11.40),(1,243,153,17.23),(1,291,80,17.48),(1,299,109,14.49),(2,13,143,10.41),(2,120,41,16.08),(2,138,148,12.70),(2,238,72,10.57),(2,274,143,4.17),(3,79,139,12.08),(3,190,118,20.99),(3,200,71,6.97),(3,238,176,6.89),(3,255,114,24.94),(3,260,32,7.26),(3,298,55,15.72),(4,65,177,11.00),(4,73,33,1.22),(4,110,107,22.37),(4,148,102,15.08),(4,187,88,19.58),(4,203,27,11.43),(4,270,64,23.90),(5,121,27,10.39),(5,128,27,10.37),(5,167,173,13.00),(5,172,139,2.82),(5,240,30,1.65),(5,259,37,20.82),(5,303,172,4.11),(6,2,199,11.69),(6,34,10,4.39),(6,71,188,17.99),(6,124,171,23.56),(6,125,67,15.36),(6,129,44,3.63),(6,132,142,21.37),(6,158,90,19.66),(6,214,122,11.78),(6,227,180,6.35),(7,15,28,7.01),(7,144,158,23.82),(7,181,14,5.89),(7,242,26,17.64),(7,271,108,4.78),(7,281,98,3.15),(8,6,10,21.59),(8,49,37,15.57),(8,68,46,17.01),(8,193,179,14.10),(8,226,109,7.06),(8,289,165,7.17),(9,14,100,8.54),(9,39,142,9.14),(9,96,40,13.35),(9,130,111,4.71),(9,230,157,16.84),(9,233,78,18.85),(9,242,11,23.70),(9,294,110,4.30),(10,1,54,23.33),(10,130,181,20.36),(10,211,168,3.51),(10,223,175,18.32),(10,263,181,8.12),(11,96,84,23.91),(11,130,18,7.13),(11,210,128,8.29),(11,224,179,24.20),(12,4,41,4.08),(12,31,55,3.64),(12,80,58,15.80),(12,99,199,8.23),(12,122,180,21.67),(12,134,123,19.11),(12,164,89,9.74),(12,199,139,9.98),(12,279,24,8.62),(12,283,183,5.44),(12,285,33,2.45),(12,306,198,9.24),(13,22,136,14.65),(13,66,177,20.34),(13,192,182,22.41),(13,212,21,18.08),(13,307,60,12.29),(14,11,47,16.82),(14,41,19,10.04),(14,79,12,6.99),(14,100,19,23.76),(14,120,113,23.47),(14,127,60,18.90),(14,130,13,22.59),(14,204,44,2.83),(15,48,12,14.90),(15,61,139,3.40),(15,171,136,19.01),(15,209,10,24.49),(15,226,134,15.66),(15,229,143,19.38),(16,28,83,21.26),(16,29,162,20.43),(16,90,178,5.71),(16,120,153,22.50),(16,165,147,16.76),(16,172,190,22.46),(16,211,188,24.00),(16,227,74,8.07),(17,15,112,23.98),(17,25,181,5.20),(17,60,77,15.36),(17,172,73,24.68),(17,193,59,11.89),(17,194,192,3.25),(17,249,98,4.12),(17,251,90,7.28),(17,290,76,21.81),(17,292,104,16.74),(17,303,186,3.36),(17,307,12,24.46),(18,63,70,12.29),(18,289,132,19.16),(18,292,90,7.30),(19,9,89,5.46),(19,15,53,8.06),(19,42,47,21.40),(19,65,101,13.79),(19,81,43,5.76),(19,91,191,1.73),(19,171,174,3.04),(19,176,35,7.04),(19,212,72,11.20),(20,22,52,20.72),(20,51,142,21.54),(20,69,142,19.28),(20,147,7,4.63),(20,158,58,12.49),(20,159,170,19.02),(20,167,145,13.71),(20,196,108,4.83),(21,18,154,5.93),(21,19,185,24.58),(21,39,14,10.22),(21,46,165,23.30),(21,66,76,11.52),(21,97,93,10.99),(21,109,95,16.73),(21,129,159,16.56),(21,178,90,7.28),(21,207,31,1.49),(21,295,142,2.27),(22,33,84,23.47),(22,76,55,9.94),(22,114,32,5.20),(22,132,87,10.14),(22,215,46,10.32),(22,233,86,13.86),(22,256,120,15.16),(22,276,184,11.93),(22,304,180,11.13),(22,307,153,17.25),(22,310,73,1.91),(23,32,58,4.92),(23,84,161,4.80),(23,117,18,13.53),(23,211,35,23.73),(23,263,25,2.14),(23,271,100,20.23),(23,288,169,8.91),(24,9,175,3.32),(24,51,9,15.29),(24,72,111,20.46),(24,79,93,20.00),(24,99,26,17.17),(24,105,7,7.58),(24,106,182,2.77),(24,138,24,11.60),(24,145,29,2.66),(24,158,27,10.56),(24,232,30,18.54),(24,250,52,1.21),(25,91,118,12.78),(25,99,104,12.71),(25,116,125,10.70),(25,277,121,20.50),(26,56,49,4.63),(26,98,173,18.92),(26,139,67,7.93),(26,178,65,24.22),(26,204,81,11.73),(26,271,42,5.65),(27,24,118,2.07),(27,93,29,17.09),(27,94,8,6.55),(27,129,75,1.36),(27,232,36,23.40),(28,27,61,1.65),(28,51,137,4.38),(28,83,133,9.58),(28,196,199,20.48),(28,248,187,8.16),(29,29,11,11.25),(29,126,109,3.26),(29,194,38,11.47),(29,263,75,23.90),(29,269,42,11.83),(30,85,186,5.06),(30,109,113,2.06),(30,135,102,22.34),(30,303,31,11.89),(30,311,71,3.74),(31,41,74,5.17),(31,59,141,4.82),(31,80,29,13.53),(31,106,167,6.74),(31,119,164,11.25),(31,154,132,11.76),(31,196,124,14.23),(31,209,62,6.59),(31,216,97,6.41),(31,273,180,5.42),(31,291,68,7.73),(31,301,177,23.55),(32,55,49,13.88),(32,56,83,6.16),(32,61,89,14.73),(32,133,87,19.88),(32,144,145,4.31),(32,177,183,23.33),(32,225,93,17.74),(32,282,59,6.08),(33,17,192,7.89),(33,18,71,6.61),(33,27,136,13.83),(33,53,68,17.62),(33,70,130,14.60),(33,78,38,6.90),(33,79,8,15.89),(33,106,67,2.04),(33,153,12,12.51),(33,156,16,5.51),(33,177,137,4.55),(33,244,125,7.06),(33,275,119,19.42),(34,21,18,4.04),(34,24,15,2.70),(34,49,187,14.84),(34,57,29,24.83),(34,66,123,4.69),(34,145,155,15.55),(34,207,93,23.26),(34,222,25,3.82),(34,239,161,13.44),(34,291,83,1.58),(35,37,75,4.63),(35,90,183,4.06),(35,96,48,6.01),(35,147,151,3.09),(35,188,150,12.46),(35,263,196,5.88),(36,34,66,17.13),(36,85,88,10.35),(36,253,107,7.26),(36,273,200,17.87),(36,305,84,22.87),(37,34,127,13.76),(37,115,77,10.80),(37,174,21,17.01),(37,196,59,15.60),(37,238,68,23.65),(37,241,192,1.77),(38,36,101,9.85),(38,41,5,24.35),(38,75,6,21.97),(38,226,94,5.11),(38,280,100,2.95),(39,98,67,10.96),(39,135,135,13.62),(40,67,83,23.75),(40,73,180,12.54),(40,81,125,24.16),(40,110,141,1.78),(40,137,183,21.81),(40,154,63,18.80),(40,219,69,2.37),(40,239,99,8.54),(40,252,130,15.68),(40,259,28,20.03),(40,303,42,11.83),(41,11,19,24.81),(41,26,7,2.59),(41,86,12,13.24),(41,142,83,19.16),(41,162,157,5.12),(41,239,84,24.22),(42,17,39,12.25),(42,26,99,2.09),(42,40,83,16.49),(42,88,88,8.33),(42,155,198,13.50),(42,271,102,7.74),(42,273,17,13.26),(42,287,200,5.59),(43,34,197,8.69),(43,54,169,3.55),(43,57,185,24.85),(43,93,52,5.31),(43,136,72,14.66),(43,154,144,12.66),(43,157,182,15.30),(43,201,158,17.90),(43,254,13,18.02),(43,259,125,1.30),(44,65,172,3.34),(44,81,174,19.57),(44,128,194,22.10),(44,131,105,17.77),(44,197,28,19.12),(44,256,125,21.83),(45,11,95,16.16),(45,55,117,12.89),(45,84,118,4.16),(45,141,173,23.06),(45,284,10,14.76),(45,294,167,10.84),(45,302,159,1.16),(45,305,197,2.60),(46,5,190,1.33),(46,39,28,11.57),(46,43,150,13.78),(46,51,159,21.61),(46,126,145,18.88),(46,127,133,21.88),(46,129,58,21.58),(46,175,29,10.52),(46,210,197,16.54),(46,263,81,22.48),(46,274,104,1.84),(46,290,89,20.45),(47,14,104,14.91),(47,34,195,3.17),(47,44,141,6.89),(47,86,76,11.22),(47,151,170,9.13),(47,180,172,1.79),(47,199,53,18.44),(47,218,168,21.50),(47,304,122,16.93),(48,6,72,2.40),(48,50,107,11.20),(48,92,90,15.40),(48,112,92,5.04),(48,155,65,9.53),(48,204,24,23.28),(48,272,76,4.12),(48,279,54,9.67),(49,6,131,4.62),(49,155,23,1.58),(49,164,72,11.53),(49,185,142,13.40),(49,215,41,21.93),(49,269,89,17.31),(49,282,164,14.12),(50,3,61,2.98),(50,90,108,16.57),(50,157,71,4.95),(50,272,107,10.19),(50,278,197,16.92),(51,55,129,19.29),(51,57,48,17.01),(51,68,82,22.38),(51,92,95,19.26),(51,207,147,7.96),(51,221,123,3.51),(51,245,140,5.74),(51,246,181,22.86),(51,260,33,13.44),(51,269,154,21.75),(51,279,51,19.77),(51,296,26,8.50),(51,301,183,22.80),(52,115,48,8.93),(52,206,134,16.61),(52,226,82,22.67),(52,234,141,24.83),(53,33,91,8.28),(53,37,182,9.84),(53,97,34,1.10),(53,139,92,23.52),(53,150,57,14.89),(53,157,31,8.11),(53,177,19,17.05),(53,213,112,5.26),(53,233,105,13.34),(53,278,49,9.93),(54,139,129,11.87),(54,220,130,23.45),(54,256,63,1.75),(55,20,93,5.83),(55,42,109,22.85),(55,130,63,13.35),(55,146,126,17.86),(55,221,87,22.57),(55,238,74,24.59),(56,30,100,22.11),(56,33,36,19.09),(56,169,131,20.95),(56,310,134,6.50),(57,118,186,4.76),(57,131,20,14.11),(57,143,186,19.54),(57,191,21,5.74),(58,25,132,6.19),(58,38,168,24.79),(58,62,66,14.87),(58,182,32,17.90),(58,292,121,20.69),(59,107,58,9.95),(59,143,75,5.29),(59,170,119,5.61),(59,248,162,17.28),(59,277,104,24.60),(59,279,120,16.60),(60,206,56,16.42),(60,240,9,10.34),(61,41,163,12.49),(61,79,74,6.17),(61,115,82,13.78),(61,123,191,11.77),(61,155,108,24.40),(61,185,65,13.23),(61,201,154,9.49),(62,21,70,9.48),(62,145,128,18.13),(62,168,83,24.42),(62,199,155,24.44),(62,214,175,17.76),(62,293,55,14.05),(63,24,17,16.24),(63,29,108,20.78),(63,146,195,16.00),(64,3,22,3.42),(64,72,137,16.93),(64,80,79,14.37),(64,82,161,11.15),(64,94,162,8.04),(64,102,198,14.14),(64,178,21,3.47),(64,183,198,12.87),(64,307,123,19.83),(65,34,178,22.30),(65,51,16,17.82),(65,82,108,7.51),(65,128,100,9.12),(65,140,153,17.74),(65,170,124,21.18),(65,253,57,7.94),(65,304,172,5.48),(66,122,131,18.63),(66,207,149,16.80),(66,250,92,20.82),(66,281,196,9.71),(66,297,168,18.96),(66,298,96,20.04),(67,56,88,12.10),(67,58,9,21.90),(67,80,135,5.74),(67,96,18,8.70),(67,163,159,17.76),(67,186,196,24.47),(67,243,71,2.46),(67,267,104,21.56),(68,117,197,21.60),(68,166,70,7.37),(68,180,80,18.47),(69,49,197,1.29),(69,110,28,11.32),(69,144,146,20.45),(70,55,124,17.61),(70,73,188,15.69),(70,133,188,21.74),(70,151,172,2.97),(70,250,180,20.54),(70,267,122,12.13),(71,53,102,2.46),(71,67,113,21.14),(71,88,100,18.06),(71,110,70,18.25),(71,122,58,19.90),(71,146,39,23.54),(71,151,118,6.61),(71,208,75,20.40),(71,214,69,14.04),(71,241,154,7.76),(72,12,17,7.52),(72,31,69,8.77),(72,39,66,9.27),(72,57,165,9.98),(73,28,92,4.49),(73,58,6,3.74),(73,155,96,13.38),(73,175,140,21.00),(73,248,195,23.15),(73,285,144,21.41),(74,122,71,17.98),(74,138,27,14.53),(74,141,138,6.25),(74,161,72,17.54),(74,166,144,24.57),(74,187,39,19.00),(74,240,62,17.44),(75,15,27,5.65),(75,20,159,5.41),(75,22,9,2.61),(75,75,50,8.57),(75,185,7,17.40),(75,263,169,18.61),(76,29,182,6.22),(76,58,88,2.91),(76,118,37,11.25),(76,120,67,2.25),(76,209,25,7.54),(76,233,85,20.40),(76,240,125,19.53),(77,31,24,10.29),(77,69,171,22.86),(77,268,69,18.55),(77,288,118,19.74),(78,253,8,21.88),(79,37,116,19.32),(79,178,76,12.33),(80,34,137,15.57),(80,62,82,1.92),(80,75,169,14.59),(80,186,199,10.82),(80,214,188,7.91),(80,259,146,14.06),(81,6,63,8.07),(81,27,107,2.97),(81,82,106,13.58),(81,127,162,22.98),(81,156,60,24.59),(81,163,160,22.74),(81,259,17,15.04),(81,302,175,14.70),(82,33,116,5.61),(82,52,38,24.17),(82,118,51,24.05),(82,123,200,7.19),(82,247,148,17.24),(82,260,101,24.93),(83,15,32,21.97),(83,77,25,19.69),(83,99,135,5.19),(83,124,151,14.49),(83,128,43,9.79),(83,235,130,10.01),(83,308,171,23.50),(84,68,88,16.19),(84,118,195,1.58),(84,136,71,22.56),(84,218,55,20.58),(85,5,75,8.57),(85,14,120,10.23),(85,85,182,1.51),(85,135,132,15.21),(85,287,102,6.95),(85,290,171,7.63),(86,73,56,19.55),(86,88,64,6.80),(86,214,145,5.14),(87,23,199,21.95),(87,37,191,24.01),(87,95,70,15.43),(87,173,89,16.22),(87,194,167,13.25),(87,257,124,24.50),(87,285,60,23.40),(88,53,113,5.26),(88,154,129,23.75),(88,186,63,15.48),(88,213,6,22.13),(88,226,79,20.44),(88,230,145,3.69),(88,250,149,2.68),(88,262,100,16.71),(88,267,136,5.78),(88,294,56,2.66),(89,10,20,17.98),(89,16,112,6.73),(89,36,77,22.47),(89,41,77,20.23),(89,49,170,5.36),(89,63,146,20.04),(89,229,91,6.02),(89,261,109,5.36),(89,298,91,13.78),(90,8,155,20.69),(90,101,168,7.75),(90,129,178,14.52),(90,254,87,12.74),(91,34,18,22.91),(91,126,118,16.10),(91,192,190,5.56),(91,252,47,6.40),(91,258,75,10.23),(92,63,194,1.22),(92,110,60,19.40),(92,155,65,6.17),(92,259,126,10.60),(92,293,6,21.78),(93,4,169,6.42),(93,12,130,12.89),(93,17,187,23.68),(93,96,153,4.55),(93,177,37,15.29),(93,179,158,6.46),(93,268,59,7.91),(94,19,161,2.62),(94,109,10,22.47),(94,149,31,15.13),(94,168,79,19.51),(94,246,130,17.67),(94,279,41,17.83),(94,296,129,8.77),(94,307,110,5.64),(95,42,55,11.15),(95,135,22,6.24),(95,171,127,14.37),(95,180,84,12.74),(95,208,175,16.26),(95,239,87,20.03),(95,252,73,24.86),(95,261,55,23.04),(95,303,26,19.74),(96,117,75,24.64),(97,36,23,3.02),(97,52,139,20.95),(97,80,103,23.27),(97,93,194,1.70),(97,126,117,21.40),(97,158,143,21.32),(97,170,104,1.04),(97,201,145,11.68),(97,207,144,9.27),(97,223,181,7.05),(97,239,57,6.28),(97,295,120,3.24),(98,78,44,4.74),(98,106,82,24.29),(98,120,28,15.96),(98,150,86,19.06),(98,198,132,9.41),(98,248,49,3.74),(98,278,190,12.58),(98,281,182,16.20),(98,283,8,7.18),(99,74,69,2.92),(99,92,34,17.61),(99,110,88,6.81),(99,123,116,8.19),(99,157,197,17.34),(99,183,78,8.56),(99,193,154,19.75),(99,206,54,10.89),(99,269,136,24.95),(99,282,108,5.83),(99,306,114,7.97),(100,26,152,6.04),(100,77,37,12.76),(100,79,70,23.56),(100,118,60,24.70),(100,213,74,7.04),(100,246,152,3.11),(100,293,76,17.53),(100,311,47,9.65),(101,21,99,24.23),(101,173,124,23.23),(101,190,187,5.59),(101,237,65,3.80),(101,265,187,12.65),(101,272,98,1.36),(102,61,113,11.25),(102,142,146,17.51),(102,202,66,4.94),(103,165,158,10.44),(103,224,82,13.21),(103,273,185,9.70),(104,34,14,13.79),(104,48,161,4.86),(104,117,15,12.86),(104,159,18,3.09),(104,165,90,4.31),(104,194,8,18.13),(104,202,74,4.40),(104,214,153,3.42),(104,260,87,10.68),(104,265,31,20.93),(105,18,11,2.31),(105,23,167,15.29),(105,69,138,1.47),(105,73,41,20.07),(105,88,52,12.88),(105,100,133,4.37),(105,141,97,10.29),(105,173,32,9.22),(105,241,135,10.58),(106,51,175,9.39),(106,79,155,22.03),(106,92,66,7.62),(106,96,40,18.73),(106,101,60,24.71),(106,140,61,21.74),(106,144,168,14.56),(106,193,19,4.67),(106,206,105,2.81),(107,38,104,14.51),(107,114,199,14.88),(107,209,70,10.44),(107,225,199,24.27),(107,237,21,14.52),(107,241,188,5.53),(107,244,108,23.27),(107,274,114,4.73),(108,75,23,4.06),(108,103,156,17.28),(108,132,130,16.89),(108,152,64,13.51),(108,260,59,7.47),(109,2,8,3.97),(109,32,86,5.26),(109,67,169,7.30),(109,76,177,21.65),(109,83,142,2.71),(109,219,105,11.24),(109,272,166,2.70),(109,282,135,6.61),(109,310,56,5.71),(110,4,128,15.09),(110,13,96,10.54),(110,20,19,4.16),(110,189,44,22.02),(110,266,74,8.85),(110,309,196,24.85),(111,95,128,1.37),(111,118,44,22.50),(111,167,113,12.95),(111,175,6,24.21),(111,246,121,7.24),(111,255,67,20.87),(112,91,104,1.93),(112,101,102,11.49),(112,113,152,20.68),(112,190,134,19.19),(112,238,172,13.13),(112,284,102,20.74),(112,308,39,3.33),(113,31,186,13.85),(113,34,40,14.32),(113,106,84,22.17),(113,150,104,4.47),(113,228,40,5.81),(113,294,165,7.47),(113,304,157,24.27),(114,67,191,1.83),(114,101,129,17.28),(114,170,128,20.13),(114,238,114,18.56),(114,246,42,11.23),(115,83,129,13.25),(115,92,41,4.27),(115,126,126,1.85),(115,222,143,5.00),(115,237,145,8.95),(115,278,188,2.54),(116,29,10,10.92),(116,78,84,7.43),(116,126,105,9.66),(116,191,67,7.81),(116,220,134,21.27),(117,150,164,14.98),(117,170,192,20.23),(117,192,100,11.39),(117,194,167,16.66),(117,209,30,19.81),(117,244,86,20.32),(117,265,136,7.77),(117,280,40,4.21),(117,299,84,19.48),(118,17,15,3.45),(118,74,7,15.65),(118,101,88,7.23),(118,106,90,2.47),(118,111,182,9.79),(118,148,69,5.81),(118,154,140,23.79),(118,173,84,10.13),(118,178,15,20.05),(118,184,171,17.69),(118,258,20,21.68),(118,303,55,11.07),(119,22,67,23.35),(119,62,65,18.22),(119,96,9,14.29),(119,134,174,24.01),(119,147,8,24.84),(119,230,96,13.43),(119,266,58,10.80),(120,73,15,23.91),(120,99,27,2.74),(120,285,44,4.01),(121,6,18,4.22),(121,14,44,7.29),(121,34,195,17.86),(121,61,33,19.26),(121,208,101,8.37),(121,232,80,10.97),(121,234,121,22.00),(122,21,29,16.48),(122,77,132,3.54),(122,94,171,4.66),(122,151,118,2.66),(122,234,193,6.56),(122,250,89,23.40),(122,305,159,15.37),(123,8,104,18.75),(123,74,104,2.60),(123,101,43,7.29),(123,102,134,17.57),(123,156,180,11.78),(123,195,59,16.14),(123,224,58,19.33),(123,255,183,21.54),(123,281,68,11.43),(124,148,191,4.31),(124,169,168,8.35),(124,211,78,5.86),(124,224,84,6.54),(124,236,56,2.94),(125,84,61,21.64),(125,92,142,24.52),(125,106,140,15.47),(125,212,105,7.19),(125,259,96,13.58),(125,276,87,16.00),(126,17,20,18.79),(126,40,45,19.63),(126,54,134,22.41),(126,65,169,19.19),(126,87,87,23.97),(126,115,167,24.84),(126,129,150,5.37),(126,234,11,2.43),(126,263,12,7.01),(126,282,142,6.87),(127,38,171,16.05),(127,98,56,20.03),(127,108,159,14.83),(127,111,6,8.96),(127,122,30,11.41),(127,139,77,13.00),(127,186,172,20.55),(127,251,68,12.95),(127,254,97,20.31),(127,278,102,24.69),(127,288,170,9.73),(128,46,157,24.46),(128,120,189,11.98),(128,151,119,7.33),(128,170,56,24.32),(128,211,27,15.22),(128,266,181,16.88),(129,17,169,8.10),(129,54,117,18.80),(129,86,50,10.77),(129,193,97,15.85),(129,227,19,2.86),(129,230,30,24.25),(129,237,69,4.54),(129,297,176,16.27),(130,27,192,14.97),(130,32,158,13.01),(130,50,56,7.10),(130,66,5,6.35),(130,92,13,24.17),(130,106,173,8.33),(130,118,70,7.10),(130,152,199,18.20),(130,222,173,15.20),(130,249,101,4.04),(130,264,64,2.80),(131,59,74,5.95),(131,70,181,19.91),(131,97,125,11.73),(131,250,85,8.85),(132,44,47,16.24),(132,53,11,5.48),(132,66,179,17.74),(132,68,175,21.39),(132,86,50,12.49),(132,137,144,12.13),(132,150,132,15.08),(132,221,156,9.55),(132,264,24,24.76),(132,271,9,4.18),(132,291,125,11.71),(133,12,70,15.34),(133,13,72,11.18),(133,263,49,12.70),(133,279,86,16.00),(134,77,61,10.97),(134,104,58,1.79),(134,139,141,8.10),(134,169,67,9.78),(134,206,128,9.61),(134,227,18,7.04),(134,251,91,16.77),(134,306,95,11.16),(135,54,56,5.18),(135,140,69,24.57),(135,153,26,16.56),(135,192,137,13.27),(135,196,148,11.94),(135,208,147,23.48),(135,211,48,21.25),(135,214,78,13.77),(135,289,74,6.82),(136,14,40,3.94),(136,92,173,24.28),(136,182,198,9.52),(136,222,157,17.07),(136,270,35,11.29),(136,287,88,22.65),(136,295,51,24.96),(137,8,128,13.81),(137,99,84,21.95),(137,181,178,5.62),(137,216,75,1.74),(137,235,157,5.02),(138,7,140,9.74),(138,114,136,9.58),(138,184,162,16.36),(138,186,20,7.23),(138,204,199,14.82),(138,261,92,4.98),(138,290,105,15.66),(138,293,6,7.63),(139,7,54,14.38),(139,141,31,19.17),(139,153,153,17.09),(139,191,143,24.15),(139,299,88,3.93),(140,40,33,5.20),(140,60,102,6.55),(140,80,62,12.16),(140,203,52,6.58),(140,306,8,14.36),(141,7,77,22.28),(141,73,15,17.87),(141,163,69,13.22),(141,209,96,5.52),(141,258,124,3.15),(141,297,6,8.15),(141,310,94,18.38),(142,9,13,15.54),(142,26,57,13.54),(142,61,50,11.34),(142,64,118,18.42),(142,89,6,7.71),(142,118,104,19.81),(142,133,142,18.67),(142,224,25,14.35),(142,229,35,7.43),(142,251,125,22.55),(143,69,112,13.90),(143,72,103,11.63),(143,131,32,8.37),(143,193,18,7.18),(143,209,195,4.37),(144,21,41,8.54),(144,121,79,9.47),(144,161,113,7.90),(144,166,8,20.45),(144,245,146,16.01),(145,18,119,19.26),(145,83,81,15.11),(145,124,108,6.54),(145,189,123,10.71),(145,215,56,19.25),(145,227,103,2.67),(145,310,19,23.11),(146,71,83,24.15),(146,85,133,11.01),(146,107,192,24.92),(146,197,26,13.78),(146,238,105,1.28),(146,285,138,16.45),(147,110,42,20.62),(147,134,135,12.31),(147,159,50,6.63),(147,203,88,14.25),(147,273,124,9.73),(147,286,59,11.30),(147,291,65,11.03),(147,295,16,17.10),(148,5,102,4.82),(148,15,9,20.80),(148,95,114,20.69),(148,103,81,13.56),(148,112,17,22.84),(148,117,33,24.67),(148,161,96,4.40),(148,192,77,10.73),(149,9,159,3.32),(149,19,111,24.63),(149,46,7,13.70),(149,108,10,13.31),(149,117,9,19.03),(149,232,30,17.64),(149,289,30,8.73),(150,4,182,12.86),(150,10,136,15.18),(150,141,156,13.62),(150,156,172,24.30),(150,236,126,12.00),(150,237,194,21.48),(150,261,133,24.51),(150,298,78,12.19),(151,9,99,23.86),(151,106,195,19.34),(151,205,70,8.03),(151,250,30,1.24),(151,303,122,1.43),(152,4,36,6.92),(152,130,162,21.63),(152,138,11,10.84),(152,181,8,19.56),(152,212,150,16.88),(153,18,70,2.00),(153,52,115,10.80),(153,70,155,9.83),(153,145,174,13.20),(153,214,170,24.84),(153,297,151,17.94),(153,307,94,5.15),(154,74,81,11.37),(154,200,146,15.91),(154,245,64,12.82),(155,14,137,14.38),(155,29,169,12.73),(155,132,64,24.79),(155,149,67,23.29),(155,164,70,14.24),(155,189,23,21.31),(155,220,185,10.86),(155,224,126,15.41),(155,227,139,8.99),(155,247,71,17.91),(155,283,87,9.72),(155,301,92,11.06),(156,13,128,14.53),(156,33,83,12.45),(156,44,11,10.09),(156,85,135,19.39),(156,149,20,7.82),(156,200,66,17.23),(156,271,149,22.30),(156,278,99,8.92),(157,47,195,14.36),(157,89,73,22.58),(157,102,169,5.93),(157,167,102,23.46),(157,187,187,19.21),(157,218,65,5.57),(157,259,22,3.71),(158,74,67,20.82),(158,79,70,3.23),(158,84,160,14.80),(158,109,192,7.25),(158,141,90,1.38),(158,153,5,9.89),(158,184,6,3.32),(158,273,44,3.93),(158,303,166,2.37),(159,43,28,10.53),(159,76,152,12.24),(159,160,115,10.93),(159,170,44,21.91),(159,203,87,22.96),(159,244,50,2.41),(159,292,182,2.93),(159,303,191,10.54),(159,304,39,15.73),(160,1,122,22.13),(160,53,124,21.79),(160,255,134,13.31),(161,92,180,13.50),(161,93,26,2.95),(161,129,7,11.93),(161,186,99,10.11),(161,193,32,15.82),(161,218,164,1.49),(161,255,103,9.52),(161,298,196,21.14),(162,64,192,1.87),(163,5,135,8.89),(163,7,171,8.60),(163,38,74,18.64),(163,182,20,4.67),(163,246,103,7.76),(163,265,72,8.16),(164,6,58,18.73),(164,28,5,17.81),(164,43,128,20.39),(164,50,157,17.88),(164,73,32,21.93),(164,95,12,4.65),(164,190,198,3.77),(164,252,78,16.67),(164,309,68,8.85),(165,98,11,5.36),(165,138,110,7.12),(165,172,46,3.61),(165,194,79,6.49),(165,215,86,24.75),(166,12,147,22.50),(166,58,144,23.88),(166,147,49,19.01),(166,261,123,12.04),(166,267,95,5.59),(166,302,175,17.00),(167,47,116,12.30),(167,110,97,3.81),(167,147,198,11.73),(167,172,196,6.41),(167,208,57,6.21),(167,217,139,22.69),(167,218,27,17.00),(167,223,62,12.68),(167,224,108,9.84),(167,246,142,13.69),(167,257,119,10.16),(167,275,80,20.18),(168,97,23,1.80),(168,129,27,3.80),(168,150,154,24.91),(168,166,92,8.14),(168,177,79,24.25),(168,185,164,24.18),(168,284,133,1.79),(169,16,153,22.29),(169,167,132,19.74),(169,201,34,6.73),(169,213,82,8.76),(170,12,123,3.38),(170,61,17,11.82),(170,93,42,6.75),(170,111,131,24.03),(170,138,174,8.10),(170,202,29,12.36),(170,228,171,5.17),(170,240,61,23.28),(171,100,36,10.71),(171,224,162,5.51),(171,253,103,20.35),(172,11,122,11.73),(172,56,77,9.50),(172,111,68,14.21),(172,112,93,7.99),(173,5,101,23.11),(173,127,150,21.60),(173,169,46,17.56),(173,205,82,17.69),(173,211,79,9.74),(173,213,110,21.55),(173,282,74,22.23),(173,285,39,21.43),(174,9,169,8.99),(174,58,89,1.17),(174,73,93,9.73),(174,94,120,11.83),(174,186,90,24.32),(174,263,114,7.64),(174,307,46,16.01),(175,143,113,14.85),(175,262,93,2.18),(175,292,82,6.52),(175,303,138,22.58),(176,16,75,3.34),(176,67,175,11.95),(176,87,50,13.60),(176,172,154,16.90),(176,181,183,20.07),(176,249,148,14.94),(177,10,121,23.96),(177,57,159,17.95),(177,68,172,18.09),(177,85,196,1.03),(177,126,57,12.15),(177,142,144,18.83),(177,159,35,15.22),(177,197,136,10.73),(177,270,88,6.71),(177,299,128,9.80),(178,5,34,2.10),(178,113,25,1.20),(178,133,148,24.94),(178,236,110,6.95),(178,241,185,23.76),(179,82,182,23.21),(179,112,104,23.01),(179,122,113,19.13),(179,176,186,1.15),(179,195,30,10.28),(179,222,60,22.51),(180,7,38,21.57),(180,10,90,6.98),(180,220,16,12.62),(180,246,129,14.26),(181,38,8,6.71),(181,205,191,17.76),(181,235,104,12.51),(181,278,174,23.45),(182,23,143,12.31),(182,110,34,13.14),(182,283,198,8.48),(182,303,130,21.63),(183,167,81,10.04),(183,184,142,4.90),(183,241,128,1.23),(183,269,178,10.99),(184,28,70,4.91),(184,134,47,6.92),(184,146,64,19.81),(184,179,116,22.45),(184,229,85,13.95),(184,284,87,24.30),(185,4,110,5.64),(185,52,142,14.82),(185,83,189,5.09),(185,124,198,8.59),(185,156,180,19.71),(185,158,68,24.36),(185,166,54,2.92),(185,295,168,16.75),(185,305,155,11.43),(186,139,81,11.35),(186,198,25,18.72),(186,241,151,13.31),(186,244,142,13.96),(187,17,186,5.65),(187,25,63,24.16),(187,37,101,5.29),(187,81,126,20.71),(187,110,157,22.06),(187,208,116,1.55),(187,285,196,14.19),(188,41,34,1.36),(188,50,103,23.47),(188,63,123,15.44),(188,127,161,16.57),(188,242,16,23.75),(188,248,138,12.74),(188,266,126,3.24),(188,272,14,12.37),(189,29,141,4.56),(189,32,138,11.65),(189,51,151,7.73),(189,79,39,2.98),(189,206,146,20.56),(189,260,104,9.18),(190,98,40,5.66),(190,137,148,21.75),(190,199,71,7.98),(190,269,126,22.38),(190,275,64,12.16),(190,293,15,5.56),(191,23,159,1.67),(191,119,144,13.86),(191,170,177,7.80),(191,193,71,8.18),(191,206,173,13.85),(191,211,5,1.25),(191,233,196,18.80),(191,294,21,9.16),(192,4,154,17.71),(192,36,60,17.21),(192,91,144,4.23),(192,198,25,17.89),(192,221,121,3.66),(192,271,38,18.40),(193,1,172,5.54),(193,45,175,17.67),(193,191,19,13.55),(193,227,163,17.75),(193,270,95,15.43),(193,286,106,7.67),(193,302,100,9.35),(194,16,133,20.54),(194,136,179,6.56),(194,172,11,2.57),(194,176,182,14.08),(194,186,143,20.70),(195,16,112,22.83),(195,34,171,21.91),(195,35,101,8.10),(195,175,127,19.14),(195,284,6,11.81),(196,3,99,23.11),(196,13,129,1.89),(196,19,169,17.34),(196,63,185,13.05),(196,127,90,6.41),(196,227,76,23.30),(196,229,144,6.69),(197,42,106,1.45),(197,216,101,21.75),(197,241,107,18.17),(198,23,155,19.21),(198,107,191,18.56),(198,177,10,8.88),(198,195,189,4.48),(198,201,14,7.33),(199,53,94,22.73),(199,93,185,19.24),(199,103,75,5.32),(199,193,76,6.51),(199,236,124,10.38),(199,256,139,2.82),(199,288,98,19.14),(200,12,51,7.52),(200,39,198,7.48),(200,62,126,2.04),(200,76,114,5.25),(200,85,105,1.67),(200,103,146,22.19),(200,169,88,24.57),(200,178,127,12.05),(200,201,196,13.58),(200,246,14,14.76),(201,83,113,13.29),(201,103,51,10.18),(201,117,197,18.79),(201,220,38,5.31),(201,281,144,15.02),(201,299,62,3.86),(202,12,137,21.59),(202,17,79,15.56),(202,87,29,8.63),(202,113,192,19.80),(202,130,27,2.93),(202,135,163,18.83),(202,309,15,5.19),(203,39,162,20.29),(203,121,171,12.13),(203,137,130,10.81),(203,202,168,3.84),(203,227,99,8.15),(203,261,107,4.81),(203,271,84,14.87),(203,283,138,5.65),(203,287,44,12.68),(203,309,17,7.24),(204,28,81,14.71),(204,70,138,16.31),(204,93,48,20.25),(204,94,34,17.03),(204,120,192,17.51),(204,127,95,17.45),(204,159,116,8.26),(204,162,54,3.62),(204,214,111,24.24),(204,247,94,4.79),(205,52,59,9.30),(205,70,170,5.47),(205,87,89,2.87),(205,151,37,12.43),(205,180,21,18.32),(205,193,30,5.68),(205,256,71,13.21),(206,52,161,16.55),(206,65,9,11.11),(206,142,101,18.08),(206,228,11,13.99),(206,236,93,23.43),(206,279,114,23.54),(207,33,179,15.14),(207,105,116,24.41),(207,152,156,20.50),(207,160,102,14.42),(207,162,180,1.88),(207,175,124,14.44),(207,207,119,19.52),(207,309,123,4.68),(208,128,13,4.88),(208,205,188,2.15),(208,286,158,7.17),(209,30,15,11.67),(209,44,199,16.75),(209,132,119,15.26),(209,150,70,14.18),(209,226,13,17.19),(210,33,177,15.48),(210,79,90,6.00),(210,196,83,18.83),(210,220,139,11.22),(210,250,167,24.14),(210,295,193,21.71),(211,4,146,6.11),(211,13,57,3.59),(211,27,15,21.74),(211,82,37,16.19),(211,171,132,16.88),(211,225,146,12.52),(211,247,46,14.99),(212,10,123,9.93),(212,11,193,12.70),(212,19,57,12.81),(212,132,49,24.58),(212,159,25,3.21),(212,220,21,23.38),(212,224,175,24.81),(212,295,64,18.32),(213,29,101,5.66),(213,44,143,17.68),(213,66,47,2.74),(213,70,108,8.69),(213,80,13,6.91),(213,119,118,11.23),(213,190,74,23.78),(213,253,18,5.07),(214,12,121,6.76),(214,23,144,11.56),(214,125,57,24.05),(214,164,196,8.23),(214,213,155,13.42),(214,275,168,22.41),(214,284,167,1.23),(214,303,111,9.27),(215,47,16,17.52),(215,106,196,6.51),(215,155,154,18.65),(215,192,191,14.80),(215,194,117,19.55),(215,235,141,21.19),(215,265,193,2.06),(215,287,28,19.85),(216,8,181,14.84),(216,80,14,13.02),(216,96,67,18.12),(216,111,45,24.57),(216,113,24,16.87),(216,139,180,18.68),(217,9,80,13.54),(217,14,30,13.17),(217,129,16,8.77),(217,227,119,23.77),(217,230,98,11.99),(217,276,40,3.89),(218,8,20,7.31),(218,67,137,7.45),(218,309,68,7.59),(219,83,110,15.23),(219,92,78,7.64),(219,116,162,12.78),(219,146,189,9.13),(219,272,125,18.95),(220,38,117,8.30),(220,49,183,4.33),(220,69,27,4.83),(220,297,129,22.64),(220,301,119,10.78),(221,139,74,22.22),(222,183,17,24.29),(223,7,30,3.02),(223,13,52,9.43),(223,55,80,15.76),(223,92,103,7.70),(223,150,25,3.19),(223,173,110,15.54),(223,229,111,18.04),(224,47,161,12.11),(224,57,189,5.79),(224,64,72,15.37),(224,86,71,24.44),(224,175,102,11.52),(224,196,193,23.78),(224,268,81,9.93),(225,14,96,23.74),(225,105,40,12.86),(225,171,177,22.65),(225,239,15,22.15),(225,275,30,21.09),(225,283,83,6.45),(225,285,192,2.24),(225,296,124,20.26),(226,77,152,15.70),(226,106,52,24.07),(226,246,46,18.32),(226,249,84,4.72),(226,285,51,6.48),(227,7,6,1.03),(227,27,47,18.75),(227,54,192,1.48),(227,57,178,4.45),(227,67,88,3.52),(227,74,196,15.87),(227,117,47,8.94),(227,179,7,5.30),(227,188,107,15.57),(227,214,116,6.45),(227,217,8,9.31),(228,2,93,20.10),(228,8,162,12.58),(228,62,21,6.66),(228,96,150,24.13),(228,126,66,8.25),(228,258,72,13.74),(229,51,111,14.02),(229,52,65,12.39),(229,78,44,20.78),(229,101,55,9.80),(229,153,34,6.02),(229,265,117,24.90),(230,76,36,3.83),(230,107,119,10.85),(230,155,26,23.93),(230,197,9,24.99),(230,280,179,3.46),(230,296,38,16.78),(231,82,69,8.72),(231,88,58,16.78),(231,175,43,8.43),(231,195,142,16.88),(231,234,132,1.48),(231,239,75,23.04),(231,249,99,3.81),(232,22,167,15.64),(232,24,89,13.54),(232,97,56,4.25),(232,238,49,13.63),(232,260,124,9.49),(232,303,41,15.97),(233,17,132,21.55),(233,29,112,21.30),(233,169,71,19.56),(233,214,200,21.84),(233,229,5,12.20),(233,248,8,14.71),(233,261,95,7.27),(233,291,85,17.72),(233,304,196,4.18),(234,17,34,4.18),(234,25,180,12.83),(234,122,186,13.24),(234,132,152,4.11),(234,135,138,15.00),(234,139,183,10.32),(234,191,130,15.40),(234,201,139,16.90),(234,217,27,6.38),(234,259,42,1.84),(234,266,146,13.24),(234,283,188,5.51),(234,303,171,3.52),(235,59,182,6.51),(235,98,86,5.15),(235,125,186,18.45),(235,130,140,19.94),(235,179,173,13.83),(235,207,107,1.38),(235,229,31,15.02),(235,237,76,7.19),(235,256,82,20.99),(235,267,156,15.55),(235,311,138,6.32),(236,128,11,12.87),(236,179,44,8.85),(236,194,47,17.18),(236,283,94,1.12),(237,69,58,12.76),(237,179,121,18.82),(237,213,131,3.91),(237,256,50,11.43),(237,274,131,5.56),(237,289,178,1.22),(238,3,179,17.83),(238,14,180,5.14),(238,33,160,17.06),(238,151,11,2.70),(238,152,55,16.12),(238,169,53,1.78),(238,201,146,13.14),(238,291,195,3.99),(238,310,137,19.29),(239,3,36,23.70),(239,4,13,23.95),(239,205,174,15.87),(239,255,41,9.66),(239,292,120,4.83),(240,13,113,8.53),(240,68,93,12.87),(240,82,33,19.58),(240,304,31,18.49),(241,17,195,16.13),(241,35,53,16.37),(241,63,61,24.07),(241,80,53,17.98),(241,134,50,17.69),(241,170,88,2.48),(242,1,176,13.85),(242,68,16,9.02),(242,139,133,9.73),(242,157,175,21.67),(242,211,19,1.59),(243,12,135,4.50),(243,31,61,19.69),(243,78,83,20.61),(243,94,146,8.91),(243,102,197,8.34),(243,171,49,1.33),(243,184,20,24.76),(243,245,42,7.08),(243,254,123,13.09),(243,264,71,16.73),(243,289,26,6.70),(243,309,49,11.18),(244,4,7,12.40),(244,13,105,18.43),(244,14,34,10.74),(244,171,77,20.99),(244,182,120,4.93),(244,192,199,10.03),(244,198,112,2.06),(244,258,181,11.55),(244,273,134,21.28),(245,116,80,4.60),(245,138,61,16.17),(245,262,136,16.96),(245,266,145,21.56),(246,33,129,11.76),(246,48,190,6.81),(246,66,43,13.18),(246,84,80,23.80),(246,159,123,23.42),(246,264,105,4.08),(246,269,131,17.82),(246,283,149,24.18),(247,75,192,8.09),(247,148,130,19.53),(247,166,112,14.66),(247,180,166,12.72),(247,200,108,1.98),(247,207,26,5.92),(247,229,132,6.62),(248,2,137,23.04),(248,48,162,21.78),(248,149,78,21.29),(248,262,183,22.58),(249,60,43,16.88),(249,97,183,1.50),(249,124,92,5.78),(249,165,114,24.93),(249,221,151,10.77),(249,253,13,19.99),(249,297,15,13.07),(250,124,166,20.26),(250,183,116,23.66),(250,260,142,5.31),(251,22,165,24.43),(251,46,14,20.84),(251,49,31,4.52),(251,130,102,19.99),(251,175,171,3.40),(251,178,24,18.06),(251,187,177,13.67),(251,192,113,3.58),(251,229,160,2.44),(251,266,125,15.89),(251,288,135,5.08),(251,296,170,24.59),(252,21,38,8.19),(252,36,189,23.26),(252,201,143,11.42),(252,221,150,19.08),(252,247,106,15.48),(252,262,59,14.51),(252,266,135,10.27),(252,271,43,4.01),(253,24,64,16.39),(253,137,174,21.30),(253,143,110,24.43),(253,158,161,11.85),(253,205,46,21.17),(254,4,112,19.91),(254,65,148,14.37),(254,216,107,10.27),(255,59,130,9.25),(255,78,149,1.15),(255,186,127,21.15),(255,272,40,18.45),(255,296,199,11.57),(256,153,89,20.11),(256,208,96,4.68),(257,56,146,16.27),(257,62,5,9.71),(257,84,188,13.41),(257,116,91,3.94),(257,155,101,7.12),(257,225,185,7.93),(257,249,87,10.60),(257,263,87,2.90),(257,309,79,19.05),(258,1,199,10.65),(258,80,74,17.41),(258,92,80,16.33),(258,139,131,23.12),(258,173,183,24.29),(258,183,150,1.96),(258,195,158,19.97),(258,261,65,4.39),(259,25,115,24.55),(259,60,112,11.62),(259,106,20,20.52),(259,155,8,22.70),(259,184,137,24.08),(259,187,129,3.47),(259,253,67,6.26),(260,23,77,21.70),(260,80,28,13.18),(260,207,42,1.38),(260,249,175,19.17),(260,276,76,22.80),(260,292,19,24.83),(261,90,133,21.10),(261,132,31,17.24),(261,133,122,20.69),(261,235,88,21.97),(261,286,37,10.62),(262,20,95,7.47),(262,149,38,17.49),(262,176,24,2.39),(262,240,110,2.07),(262,286,164,20.12),(263,16,188,2.67),(263,47,72,14.58),(263,215,55,13.34),(263,237,54,18.89),(263,286,9,20.87),(264,29,50,18.17),(264,259,89,3.58),(264,292,174,8.63),(265,16,107,5.01),(265,27,184,18.67),(265,103,43,12.68),(265,172,145,13.56),(265,178,28,9.98),(265,183,36,9.61),(265,213,69,24.96),(266,45,73,4.18),(266,82,155,1.43),(266,111,173,9.99),(266,130,45,6.38),(266,144,86,3.48),(266,153,133,23.61),(266,222,190,18.63),(266,260,190,8.01),(267,10,97,20.23),(267,12,11,16.10),(267,134,41,8.44),(267,139,185,1.58),(267,177,25,15.22),(267,288,57,16.76),(268,31,28,6.07),(268,53,7,15.25),(268,110,6,13.43),(268,130,155,7.95),(268,187,178,22.54),(268,221,43,22.63),(268,282,69,18.80),(269,16,55,5.17),(269,21,191,4.53),(269,75,46,2.50),(269,106,158,9.54),(269,128,39,1.02),(269,154,5,23.85),(269,159,79,4.56),(269,207,77,12.60),(269,260,159,8.04),(270,22,136,19.01),(270,91,139,21.62),(270,135,186,18.69),(270,310,32,2.30),(271,24,71,6.60),(271,78,61,12.31),(271,95,23,1.76),(271,143,83,24.25),(271,265,136,17.07),(272,81,107,9.39),(272,174,192,21.61),(272,188,175,15.01),(272,223,180,15.98),(272,242,108,1.48),(273,40,121,17.02),(273,42,122,3.74),(273,76,14,23.22),(273,95,118,17.06),(273,113,123,12.60),(273,163,162,5.07),(273,202,135,16.97),(273,215,147,23.97),(273,216,36,22.78),(273,237,153,24.51),(273,244,188,8.71),(273,245,132,18.50),(274,24,97,5.75),(274,42,26,14.23),(274,51,98,11.80),(274,56,118,15.96),(274,101,40,20.16),(274,216,115,2.92),(274,263,71,7.46),(275,26,53,8.73),(275,81,144,2.32),(275,89,142,22.39),(275,225,185,4.24),(275,236,31,14.43),(276,34,99,3.38),(276,51,158,9.77),(276,83,160,4.43),(276,96,32,16.50),(276,107,154,21.60),(276,251,61,11.90),(276,286,187,1.78),(277,127,63,20.43),(278,130,120,19.67),(278,214,138,20.12),(278,296,115,19.92),(279,15,112,20.70),(279,34,110,5.76),(279,77,50,10.27),(279,184,36,20.74),(279,297,179,3.15),(280,31,97,1.74),(280,50,146,14.81),(280,214,180,9.00),(280,224,82,10.37),(280,254,90,7.30),(281,175,60,6.45),(281,285,141,4.55),(282,65,58,8.52),(282,113,110,15.27),(282,153,138,10.88),(282,201,76,6.07),(282,219,185,8.60),(282,250,189,9.42),(282,258,5,22.83),(282,308,146,5.98),(283,20,38,21.13),(283,107,76,11.02),(283,133,147,11.51),(283,179,70,15.14),(283,244,129,12.33),(283,311,84,14.85),(284,28,31,17.59),(284,35,20,19.02),(284,51,79,15.53),(284,63,47,5.23),(284,131,20,13.78),(284,169,195,5.68),(284,187,162,14.48),(284,200,89,22.09),(284,215,88,9.80),(284,224,87,17.43),(284,241,158,9.66),(284,257,104,18.27),(285,11,189,19.77),(285,68,198,23.62),(285,103,70,10.34),(285,118,56,15.34),(285,150,78,13.16),(285,290,111,12.23),(286,7,136,15.74),(286,172,186,2.41),(286,176,79,4.75),(286,217,109,18.61),(287,9,35,24.13),(287,49,70,11.44),(287,98,95,12.57),(288,113,199,13.10),(288,194,11,18.43),(288,221,6,8.16),(288,268,197,1.14),(288,287,171,8.92),(289,6,124,22.28),(289,32,88,23.40),(289,58,42,7.27),(289,115,142,6.15),(289,131,151,3.64),(289,145,92,11.32),(289,148,192,4.46),(289,169,189,7.73),(289,199,19,8.61),(289,222,8,11.53),(289,226,6,4.12),(290,16,41,7.80),(290,227,27,19.02),(290,242,143,16.67),(290,271,169,21.27),(290,277,11,3.52),(291,77,27,2.59),(291,119,9,18.97),(291,139,22,22.26),(291,187,165,1.66),(291,261,117,3.10),(291,297,45,10.18),(292,27,55,2.73),(292,80,101,15.65),(292,97,19,17.01),(292,149,151,14.74),(292,193,180,6.16),(292,290,34,21.80),(293,5,89,18.84),(293,23,84,9.28),(293,27,83,23.43),(293,37,40,8.28),(293,71,145,2.44),(293,138,17,9.47),(293,191,123,18.82),(293,225,73,2.51),(293,233,123,17.73),(294,26,136,12.18),(294,271,190,1.66),(295,37,134,4.68),(295,64,142,1.70),(295,130,62,22.94),(295,262,68,8.88),(295,263,92,18.42),(295,278,76,4.85),(296,48,45,15.05),(296,113,99,22.64),(296,255,31,20.65),(297,30,17,4.59),(297,101,68,19.42),(297,127,171,4.45),(297,148,34,23.89),(297,166,15,11.39),(297,300,66,19.61),(297,304,111,21.20),(298,32,72,2.27),(298,65,6,23.57),(298,191,94,2.70),(298,218,168,10.65),(298,247,12,9.03),(298,259,98,21.96),(299,8,24,21.53),(299,22,69,24.59),(299,31,127,3.32),(299,32,69,3.67),(299,92,45,15.84),(299,115,67,10.01),(299,137,158,13.78),(299,208,171,14.72),(299,235,136,12.54),(299,241,107,5.37),(299,248,64,7.18),(299,254,129,13.41),(299,279,49,1.59),(299,283,117,16.67),(300,10,139,12.93),(300,78,173,15.24),(300,91,144,12.88),(300,118,39,1.88),(300,148,112,21.49),(300,221,116,10.88),(300,291,184,5.69);
/*!40000 ALTER TABLE `supply_item` ENABLE KEYS */;
UNLOCK TABLES;

--
-- Table structure for table `warehouse`
--

DROP TABLE IF EXISTS `warehouse`;
/*!40101 SET @saved_cs_client     = @@character_set_client */;
/*!50503 SET character_set_client = utf8mb4 */;
CREATE TABLE `warehouse` (
  `warehouse_id` int NOT NULL AUTO_INCREMENT,
  `name` varchar(30) NOT NULL,
  `address` varchar(100) NOT NULL,
  `zip_code` int NOT NULL,
  `email_id` varchar(50) NOT NULL,
  PRIMARY KEY (`warehouse_id`)
) ENGINE=InnoDB AUTO_INCREMENT=26 DEFAULT CHARSET=utf8mb4 COLLATE=utf8mb4_0900_ai_ci;
/*!40101 SET character_set_client = @saved_cs_client */;

--
-- Dumping data for table `warehouse`
--

LOCK TABLES `warehouse` WRITE;
/*!40000 ALTER TABLE `warehouse` DISABLE KEYS */;
INSERT INTO `warehouse` VALUES (1,'Christelle Wells','0720 Billie Burg\nVolkmanmouth, ND 08973',94770,'war00047@kwikmart.com'),(2,'Lonzo Hill','884 Price Tunnel Suite 876\nNorth Glenda, AL 66917-1538',74713,'war62495@kwikmart.com'),(3,'Witting Mountains','912 Windler Vista\nO\'Connerstad, WI 83018-5159',89094,'war20986@kwikmart.com'),(4,'Judd Fort','31897 Kimberly Trace\nNorth Wandafurt, NY 70427',32904,'war91343@kwikmart.com'),(5,'Bobbie Road','5575 Schmidt Drive\nSouth Nataliechester, ME 12512-5704',23281,'war67914@kwikmart.com'),(6,'Ahmed Station','8652 Cruickshank Forge Suite 930\nMarielaland, NE 90641-9995',52697,'war60503@kwikmart.com'),(7,'King Mission','9772 Marvin Dale Apt. 365\nLake Sydnie, WI 23368-4928',76682,'war34843@kwikmart.com'),(8,'Vivianne Bridge','9538 Martina Ranch\nAdalineville, MO 23921',24348,'war54109@kwikmart.com'),(9,'Gerlach Track','59441 Aubree Knolls Suite 819\nNew Santosburgh, NH 15807-0664',81679,'war61050@kwikmart.com'),(10,'Antonio Via','1393 Jude Haven Apt. 291\nWest Jamarcus, OK 00848',50440,'war82369@kwikmart.com'),(11,'Lura Isle','23095 Ena Points Suite 287\nMaiaville, FL 03766-7602',39345,'war74246@kwikmart.com'),(12,'Baumbach Neck','784 Ryan Ports\nKristinahaven, NE 44564-2703',53966,'war70598@kwikmart.com'),(13,'Marianne Lodge','438 Frieda Square Suite 192\nPort Lazaroburgh, VT 84346-2592',27426,'war99832@kwikmart.com'),(14,'Schmidt Extensions','7206 King Circle Suite 044\nLake Willow, WY 26077-8354',42313,'war12900@kwikmart.com'),(15,'Marlen Cape','9909 Littel Rapid\nRueckerstad, MD 09510-1615',96675,'war84762@kwikmart.com'),(16,'Doyle Spur','593 Ledner Squares Suite 517\nSouth Luna, AR 02074',88436,'war98275@kwikmart.com'),(17,'Ruby Islands','20276 Bauch Ridges\nWest Elliot, NM 08679',29344,'war48112@kwikmart.com'),(18,'Rempel Way','48411 Gail Station Suite 840\nNorth Eleazar, TX 08640',38719,'war71806@kwikmart.com'),(19,'Cade Manors','2738 Cummerata Garden\nCeliatown, SD 65842-5165',36531,'war75556@kwikmart.com'),(20,'Keeling Groves','0769 Fisher Rapid\nMillschester, CA 40352',46948,'war89878@kwikmart.com'),(21,'Gottlieb Trafficway','35840 Jake Inlet Suite 121\nAufderharmouth, ME 10777',65818,'war19344@kwikmart.com'),(22,'Gottlieb Trail','25164 Emmanuelle Row Suite 082\nBaumbachborough, OK 89693',74187,'war66248@kwikmart.com'),(23,'Gusikowski Path','5743 Nicole Lights\nKassulkefurt, UT 37395-5102',36278,'war24875@kwikmart.com'),(24,'Cassin Parks','267 Verona Path Suite 715\nKirlinborough, KS 13237',79189,'war02413@kwikmart.com'),(25,'Kemmer Plaza','17499 Linwood Harbors Apt. 499\nNorth Felipe, LA 12696-4708',31074,'war10561@kwikmart.com');
/*!40000 ALTER TABLE `warehouse` ENABLE KEYS */;
UNLOCK TABLES;
/*!40103 SET TIME_ZONE=@OLD_TIME_ZONE */;

/*!40101 SET SQL_MODE=@OLD_SQL_MODE */;
/*!40014 SET FOREIGN_KEY_CHECKS=@OLD_FOREIGN_KEY_CHECKS */;
/*!40014 SET UNIQUE_CHECKS=@OLD_UNIQUE_CHECKS */;
/*!40101 SET CHARACTER_SET_CLIENT=@OLD_CHARACTER_SET_CLIENT */;
/*!40101 SET CHARACTER_SET_RESULTS=@OLD_CHARACTER_SET_RESULTS */;
/*!40101 SET COLLATION_CONNECTION=@OLD_COLLATION_CONNECTION */;
/*!40111 SET SQL_NOTES=@OLD_SQL_NOTES */;

-- Dump completed on 2022-12-01 17:48:17
