bill_id,phone_no,first_name,last_name,reward_points,store_id,bill_date
1,214-564-3528,Vyky,Parnham,49,42,2022-11-05 02:04:14
2,666-420-1183,,,85,28,2022-07-26 20:34:38
3,595-123-4768,Alexandre,Edlin,64,11,2022-07-07 17:33:00
4,624-741-3534,Biddie,Danett,52,87,2022-10-25 09:47:26
5,909-854-1498,Gordan,Garrand,23,24,2022-05-29 13:34:26
6,718-877-4568,,,55,80,2022-01-06 13:46:30
7,393-456-1990,,,27,53,2022-10-07 11:11:18
8,253-118-2123,,,36,53,2022-03-08 04:02:52
9,745-173-0082,,,85,68,2022-01-24 23:00:59
10,339-613-0478,,,58,93,2022-06-15 01:26:00
11,854-409-8732,Modesta,Verni,58,80,2022-11-25 18:14:59
12,835-443-6317,Bendite,Halpin,1,71,2022-04-22 02:23:37
13,935-257-6382,Beau,Stutte,3,9,2022-09-07 16:39:54
14,186-407-2964,,,12,38,2022-01-19 01:47:57
15,846-316-9988,Pyotr,Blunden,93,12,2022-06-29 01:27:46
16,298-490-8180,,,40,9,2022-02-15 10:52:39
17,565-635-8146,Siouxie,Niblock,64,60,2022-09-09 22:34:09
18,955-143-0172,,,78,81,2022-05-11 12:29:35
19,232-315-9331,Agosto,Brumbie,29,70,2022-06-30 15:03:04
20,181-773-0979,,,38,42,2022-03-06 15:17:09
21,571-821-4506,Henrie,Muncaster,96,38,2022-01-18 16:55:33
22,103-647-2390,,,96,58,2022-02-07 16:11:50
23,764-549-4735,Carlos,Bostock,87,13,2022-06-16 07:51:11
24,849-608-0436,,,60,8,2022-11-28 18:09:03
25,587-781-6772,,,53,65,2022-07-02 11:40:30
26,107-661-8763,Mil,Atto,58,76,2022-06-07 03:34:05
27,355-201-3388,,,35,56,2022-02-03 16:19:34
28,666-837-5982,Joyce,Cansdill,73,40,2022-02-14 22:23:41
29,784-199-5628,Lian,Longea,86,1,2022-10-27 14:26:23
30,416-243-7041,Garwin,Arch,24,73,2022-09-27 08:35:58
31,206-769-9777,,,19,57,2022-03-22 02:41:16
32,703-867-0177,Marshall,De Atta,54,55,2022-10-07 02:51:28
33,891-728-3240,,,28,79,2022-10-10 01:46:12
34,124-196-3295,Ardra,Camillo,59,49,2022-03-12 01:51:43
35,889-403-9495,,,12,29,2022-05-22 09:04:25
36,559-100-6360,,,4,36,2022-08-26 13:28:28
37,841-128-4503,,,70,2,2022-03-11 03:32:02
38,215-556-3595,Riane,Mawne,28,62,2022-09-08 16:30:47
39,391-266-8758,Rosa,Ullyott,59,81,2022-06-24 07:22:24
40,956-640-6565,Tabbatha,Kilbee,73,58,2022-09-08 19:20:01
41,171-727-3977,,,74,79,2022-01-07 12:22:44
42,105-515-1344,Lindsey,Batt,39,31,2022-07-19 02:41:08
43,703-517-6011,,,89,51,2022-09-06 05:08:36
44,717-584-1689,,,41,34,2022-11-07 09:25:10
45,317-597-7798,Ange,Doumic,15,2,2022-02-02 15:16:48
46,429-208-8963,Starla,Loxton,2,62,2022-06-17 22:36:32
47,245-435-9116,,,40,26,2022-07-20 09:31:28
48,531-888-2744,Catharina,Curlis,71,51,2022-08-17 23:11:23
49,582-825-6875,,,83,18,2022-08-30 23:51:54
50,576-685-9729,Tadeo,Leaton,79,99,2022-08-23 11:28:17
51,903-376-6413,Sibyl,Machon,19,33,2022-08-17 00:15:35
52,905-631-2126,Vinny,Bleasdale,37,86,2022-05-28 17:22:09
53,443-317-1704,Waneta,Ouver,3,17,2022-05-03 03:48:14
54,600-396-0854,Blayne,Dahmel,79,4,2022-10-26 00:45:51
55,122-952-6156,Berni,Brunger,38,53,2022-09-21 13:46:30
56,260-242-0875,,,87,13,2022-11-11 04:02:59
57,867-557-2806,,,22,74,2022-01-23 20:11:44
58,645-937-9605,,,86,8,2022-11-05 15:49:43
59,917-694-6771,,,53,75,2022-04-20 21:34:43
60,165-394-5702,Rivi,Bulfoot,72,40,2022-01-23 23:49:31
61,107-724-4710,Avrom,McLugaish,19,5,2022-08-31 07:11:07
62,918-283-4210,Pavel,Gobert,51,5,2022-06-15 10:19:25
63,669-116-8874,,,20,28,2022-06-20 18:59:33
64,367-173-3221,Judy,Drewery,20,73,2022-08-30 13:49:23
65,387-812-3489,,,45,17,2022-06-10 15:22:11
66,577-492-4667,Aguistin,Whitbread,28,51,2022-09-03 10:07:36
67,345-759-7341,Gilli,Pople,74,70,2022-11-18 06:14:19
68,375-653-7115,Estevan,Cunningham,2,5,2022-02-01 02:01:51
69,269-579-8644,Zed,Condliffe,2,1,2022-09-20 01:41:50
70,838-614-7611,Katharyn,Braybrooks,28,99,2022-05-12 00:50:00
71,625-793-6607,Stanly,MacKaig,62,59,2022-08-13 21:04:27
72,448-651-6567,Viki,Wray,51,88,2022-06-10 02:51:24
73,586-449-2153,Leilah,Currell,42,52,2022-06-30 01:14:55
74,276-475-0361,Jammal,Feyer,50,58,2022-09-11 11:19:39
75,740-431-1920,,,55,33,2022-06-07 00:59:47
76,936-461-9660,,,19,80,2022-04-12 17:50:18
77,684-554-8002,,,5,71,2022-07-12 20:24:04
78,201-499-4860,,,90,10,2022-04-01 23:49:49
79,610-322-8878,Leigha,Dilland,38,57,2022-10-28 08:43:53
80,545-934-7990,,,55,89,2022-03-06 23:11:59
81,754-557-5147,,,10,4,2022-10-24 07:53:39
82,788-151-9209,Nananne,Spensly,100,57,2022-02-05 15:29:17
83,749-954-5205,,,58,43,2022-08-14 04:47:49
84,905-283-1469,Giulietta,Jakobsson,9,79,2022-06-03 01:34:14
85,500-361-6701,Renault,MacNeill,26,59,2022-01-06 22:58:15
86,293-896-4245,,,93,84,2022-01-26 23:00:07
87,997-428-4228,Frederico,Caustick,23,12,2022-02-28 17:53:16
88,354-151-9873,,,15,45,2022-09-05 12:49:05
89,911-965-6238,,,19,27,2022-02-26 09:38:21
90,803-370-3965,,,86,83,2022-06-18 01:29:58
91,545-187-7366,,,83,99,2022-09-18 16:11:02
92,888-928-1526,Cindi,Timlett,96,11,2022-08-21 02:27:09
93,630-671-5766,,,12,85,2022-08-06 14:55:31
94,579-817-8665,,,89,33,2022-11-26 08:14:28
95,997-570-0043,Jermayne,Peppard,92,94,2022-01-18 18:02:09
96,186-477-7865,Rozamond,Helsby,90,80,2022-11-28 19:43:11
97,904-379-1067,,,12,9,2022-02-11 22:30:25
98,136-705-5944,Kathi,Dulanty,15,59,2022-07-02 23:43:44
99,428-309-3577,Ritchie,Dicke,88,82,2022-04-13 04:56:21
100,112-882-5006,,,12,72,2022-11-14 18:41:20
