supply_id,item_id,quantity,unit_price
1,243,153,17.23
1,12,100,11.86
1,291,80,17.48
1,91,48,13.96
1,299,109,14.49
1,119,185,14.02
1,181,135,11.4
2,274,143,4.17
2,13,143,10.41
2,120,41,16.08
2,238,72,10.57
2,138,148,12.7
3,190,118,20.99
3,79,139,12.08
3,260,32,7.26
3,255,114,24.94
3,200,71,6.97
3,298,55,15.72
3,238,176,6.89
4,148,102,15.08
4,110,107,22.37
4,203,27,11.43
4,187,88,19.58
4,73,33,1.22
4,270,64,23.9
4,65,177,11
5,259,37,20.82
5,240,30,1.65
5,128,27,10.37
5,121,27,10.39
5,172,139,2.82
5,167,173,13
5,303,172,4.11
6,158,90,19.66
6,125,67,15.36
6,129,44,3.63
6,214,122,11.78
6,227,180,6.35
6,124,171,23.56
6,2,199,11.69
6,34,10,4.39
6,71,188,17.99
6,132,142,21.37
7,242,26,17.64
7,15,28,7.01
7,281,98,3.15
7,181,14,5.89
7,271,108,4.78
7,144,158,23.82
8,289,165,7.17
8,68,46,17.01
8,226,109,7.06
8,49,37,15.57
8,193,179,14.1
8,6,10,21.59
9,294,110,4.3
9,96,40,13.35
9,233,78,18.85
9,242,11,23.7
9,14,100,8.54
9,39,142,9.14
9,230,157,16.84
9,130,111,4.71
10,130,181,20.36
10,1,54,23.33
10,263,181,8.12
10,223,175,18.32
10,211,168,3.51
11,96,84,23.91
11,210,128,8.29
11,224,179,24.2
11,130,18,7.13
12,31,55,3.64
12,80,58,15.8
12,283,183,5.44
12,122,180,21.67
12,99,199,8.23
12,285,33,2.45
12,306,198,9.24
12,134,123,19.11
12,164,89,9.74
12,4,41,4.08
12,199,139,9.98
12,279,24,8.62
13,212,21,18.08
13,22,136,14.65
13,66,177,20.34
13,192,182,22.41
13,307,60,12.29
14,100,19,23.76
14,127,60,18.9
14,204,44,2.83
14,41,19,10.04
14,11,47,16.82
14,79,12,6.99
14,130,13,22.59
14,120,113,23.47
15,229,143,19.38
15,226,134,15.66
15,171,136,19.01
15,48,12,14.9
15,209,10,24.49
15,61,139,3.4
16,165,147,16.76
16,28,83,21.26
16,120,153,22.5
16,227,74,8.07
16,172,190,22.46
16,211,188,24
16,29,162,20.43
16,90,178,5.71
17,25,181,5.2
17,193,59,11.89
17,249,98,4.12
17,194,192,3.25
17,15,112,23.98
17,251,90,7.28
17,172,73,24.68
17,303,186,3.36
17,307,12,24.46
17,292,104,16.74
17,290,76,21.81
17,60,77,15.36
18,292,90,7.3
18,63,70,12.29
18,289,132,19.16
19,65,101,13.79
19,171,174,3.04
19,176,35,7.04
19,9,89,5.46
19,42,47,21.4
19,212,72,11.2
19,15,53,8.06
19,81,43,5.76
19,91,191,1.73
20,69,142,19.28
20,196,108,4.83
20,159,170,19.02
20,167,145,13.71
20,22,52,20.72
20,147,7,4.63
20,158,58,12.49
20,51,142,21.54
21,207,31,1.49
21,46,165,23.3
21,19,185,24.58
21,97,93,10.99
21,18,154,5.93
21,129,159,16.56
21,66,76,11.52
21,178,90,7.28
21,39,14,10.22
21,295,142,2.27
21,109,95,16.73
22,215,46,10.32
22,310,73,1.91
22,307,153,17.25
22,33,84,23.47
22,132,87,10.14
22,304,180,11.13
22,233,86,13.86
22,276,184,11.93
22,76,55,9.94
22,114,32,5.2
22,256,120,15.16
23,117,18,13.53
23,271,100,20.23
23,32,58,4.92
23,263,25,2.14
23,84,161,4.8
23,288,169,8.91
23,211,35,23.73
24,145,29,2.66
24,106,182,2.77
24,138,24,11.6
24,105,7,7.58
24,99,26,17.17
24,72,111,20.46
24,158,27,10.56
24,9,175,3.32
24,79,93,20
24,232,30,18.54
24,250,52,1.21
24,51,9,15.29
25,99,104,12.71
25,116,125,10.7
25,91,118,12.78
25,277,121,20.5
26,139,67,7.93
26,204,81,11.73
26,98,173,18.92
26,178,65,24.22
26,56,49,4.63
26,271,42,5.65
27,94,8,6.55
27,93,29,17.09
27,24,118,2.07
27,129,75,1.36
27,232,36,23.4
28,248,187,8.16
28,196,199,20.48
28,83,133,9.58
28,27,61,1.65
28,51,137,4.38
29,263,75,23.9
29,126,109,3.26
29,29,11,11.25
29,269,42,11.83
29,194,38,11.47
30,303,31,11.89
30,135,102,22.34
30,311,71,3.74
30,109,113,2.06
30,85,186,5.06
31,301,177,23.55
31,154,132,11.76
31,59,141,4.82
31,80,29,13.53
31,41,74,5.17
31,216,97,6.41
31,106,167,6.74
31,209,62,6.59
31,119,164,11.25
31,196,124,14.23
31,291,68,7.73
31,273,180,5.42
32,144,145,4.31
32,225,93,17.74
32,177,183,23.33
32,282,59,6.08
32,56,83,6.16
32,55,49,13.88
32,61,89,14.73
32,133,87,19.88
33,70,130,14.6
33,275,119,19.42
33,53,68,17.62
33,17,192,7.89
33,79,8,15.89
33,18,71,6.61
33,244,125,7.06
33,156,16,5.51
33,153,12,12.51
33,78,38,6.9
33,27,136,13.83
33,106,67,2.04
33,177,137,4.55
34,222,25,3.82
34,57,29,24.83
34,49,187,14.84
34,291,83,1.58
34,145,155,15.55
34,207,93,23.26
34,24,15,2.7
34,66,123,4.69
34,21,18,4.04
34,239,161,13.44
35,90,183,4.06
35,37,75,4.63
35,96,48,6.01
35,147,151,3.09
35,263,196,5.88
35,188,150,12.46
36,273,200,17.87
36,253,107,7.26
36,305,84,22.87
36,85,88,10.35
36,34,66,17.13
37,115,77,10.8
37,238,68,23.65
37,34,127,13.76
37,241,192,1.77
37,174,21,17.01
37,196,59,15.6
38,36,101,9.85
38,226,94,5.11
38,41,5,24.35
38,280,100,2.95
38,75,6,21.97
39,98,67,10.96
39,135,135,13.62
40,73,180,12.54
40,239,99,8.54
40,252,130,15.68
40,154,63,18.8
40,137,183,21.81
40,303,42,11.83
40,219,69,2.37
40,67,83,23.75
40,110,141,1.78
40,259,28,20.03
40,81,125,24.16
41,162,157,5.12
41,26,7,2.59
41,239,84,24.22
41,86,12,13.24
41,142,83,19.16
41,11,19,24.81
42,271,102,7.74
42,40,83,16.49
42,273,17,13.26
42,287,200,5.59
42,17,39,12.25
42,155,198,13.5
42,26,99,2.09
42,88,88,8.33
43,54,169,3.55
43,157,182,15.3
43,259,125,1.3
43,154,144,12.66
43,254,13,18.02
43,136,72,14.66
43,201,158,17.9
43,93,52,5.31
43,34,197,8.69
43,57,185,24.85
44,197,28,19.12
44,81,174,19.57
44,131,105,17.77
44,128,194,22.1
44,65,172,3.34
44,256,125,21.83
45,284,10,14.76
45,305,197,2.6
45,141,173,23.06
45,11,95,16.16
45,302,159,1.16
45,294,167,10.84
45,84,118,4.16
45,55,117,12.89
46,126,145,18.88
46,290,89,20.45
46,39,28,11.57
46,51,159,21.61
46,274,104,1.84
46,43,150,13.78
46,210,197,16.54
46,175,29,10.52
46,5,190,1.33
46,127,133,21.88
46,129,58,21.58
46,263,81,22.48
47,14,104,14.91
47,304,122,16.93
47,44,141,6.89
47,180,172,1.79
47,218,168,21.5
47,151,170,9.13
47,86,76,11.22
47,199,53,18.44
47,34,195,3.17
48,92,90,15.4
48,112,92,5.04
48,204,24,23.28
48,50,107,11.2
48,279,54,9.67
48,6,72,2.4
48,272,76,4.12
48,155,65,9.53
49,282,164,14.12
49,185,142,13.4
49,155,23,1.58
49,215,41,21.93
49,269,89,17.31
49,164,72,11.53
49,6,131,4.62
50,3,61,2.98
50,90,108,16.57
50,157,71,4.95
50,272,107,10.19
50,278,197,16.92
51,269,154,21.75
51,221,123,3.51
51,260,33,13.44
51,301,183,22.8
51,296,26,8.5
51,207,147,7.96
51,57,48,17.01
51,68,82,22.38
51,279,51,19.77
51,55,129,19.29
51,92,95,19.26
51,246,181,22.86
51,245,140,5.74
52,234,141,24.83
52,115,48,8.93
52,206,134,16.61
52,226,82,22.67
53,33,91,8.28
53,97,34,1.1
53,233,105,13.34
53,37,182,9.84
53,139,92,23.52
53,213,112,5.26
53,278,49,9.93
53,150,57,14.89
53,157,31,8.11
53,177,19,17.05
54,220,130,23.45
54,139,129,11.87
54,256,63,1.75
55,20,93,5.83
55,130,63,13.35
55,42,109,22.85
55,221,87,22.57
55,238,74,24.59
55,146,126,17.86
56,30,100,22.11
56,169,131,20.95
56,310,134,6.5
56,33,36,19.09
57,143,186,19.54
57,191,21,5.74
57,131,20,14.11
57,118,186,4.76
58,292,121,20.69
58,25,132,6.19
58,62,66,14.87
58,182,32,17.9
58,38,168,24.79
59,279,120,16.6
59,170,119,5.61
59,107,58,9.95
59,277,104,24.6
59,248,162,17.28
59,143,75,5.29
60,240,9,10.34
60,206,56,16.42
61,79,74,6.17
61,201,154,9.49
61,41,163,12.49
61,123,191,11.77
61,185,65,13.23
61,155,108,24.4
61,115,82,13.78
62,21,70,9.48
62,168,83,24.42
62,145,128,18.13
62,199,155,24.44
62,293,55,14.05
62,214,175,17.76
63,24,17,16.24
63,29,108,20.78
63,146,195,16
64,80,79,14.37
64,307,123,19.83
64,178,21,3.47
64,183,198,12.87
64,102,198,14.14
64,3,22,3.42
64,72,137,16.93
64,82,161,11.15
64,94,162,8.04
65,140,153,17.74
65,253,57,7.94
65,170,124,21.18
65,51,16,17.82
65,304,172,5.48
65,128,100,9.12
65,82,108,7.51
65,34,178,22.3
66,297,168,18.96
66,250,92,20.82
66,298,96,20.04
66,281,196,9.71
66,207,149,16.8
66,122,131,18.63
67,267,104,21.56
67,96,18,8.7
67,80,135,5.74
67,56,88,12.1
67,243,71,2.46
67,58,9,21.9
67,186,196,24.47
67,163,159,17.76
68,166,70,7.37
68,180,80,18.47
68,117,197,21.6
69,49,197,1.29
69,110,28,11.32
69,144,146,20.45
70,267,122,12.13
70,73,188,15.69
70,55,124,17.61
70,250,180,20.54
70,133,188,21.74
70,151,172,2.97
71,146,39,23.54
71,110,70,18.25
71,53,102,2.46
71,88,100,18.06
71,151,118,6.61
71,208,75,20.4
71,241,154,7.76
71,67,113,21.14
71,214,69,14.04
71,122,58,19.9
72,12,17,7.52
72,57,165,9.98
72,31,69,8.77
72,39,66,9.27
73,248,195,23.15
73,285,144,21.41
73,155,96,13.38
73,28,92,4.49
73,58,6,3.74
73,175,140,21
74,240,62,17.44
74,187,39,19
74,141,138,6.25
74,122,71,17.98
74,138,27,14.53
74,166,144,24.57
74,161,72,17.54
75,22,9,2.61
75,185,7,17.4
75,75,50,8.57
75,15,27,5.65
75,263,169,18.61
75,20,159,5.41
76,29,182,6.22
76,120,67,2.25
76,118,37,11.25
76,209,25,7.54
76,233,85,20.4
76,240,125,19.53
76,58,88,2.91
77,31,24,10.29
77,69,171,22.86
77,268,69,18.55
77,288,118,19.74
78,253,8,21.88
79,37,116,19.32
79,178,76,12.33
80,62,82,1.92
80,34,137,15.57
80,259,146,14.06
80,186,199,10.82
80,214,188,7.91
80,75,169,14.59
81,163,160,22.74
81,82,106,13.58
81,156,60,24.59
81,6,63,8.07
81,259,17,15.04
81,302,175,14.7
81,27,107,2.97
81,127,162,22.98
82,123,200,7.19
82,33,116,5.61
82,260,101,24.93
82,52,38,24.17
82,118,51,24.05
82,247,148,17.24
83,308,171,23.5
83,99,135,5.19
83,235,130,10.01
83,15,32,21.97
83,124,151,14.49
83,128,43,9.79
83,77,25,19.69
84,118,195,1.58
84,68,88,16.19
84,218,55,20.58
84,136,71,22.56
85,5,75,8.57
85,14,120,10.23
85,135,132,15.21
85,85,182,1.51
85,290,171,7.63
85,287,102,6.95
86,73,56,19.55
86,88,64,6.8
86,214,145,5.14
87,37,191,24.01
87,285,60,23.4
87,257,124,24.5
87,194,167,13.25
87,173,89,16.22
87,23,199,21.95
87,95,70,15.43
88,294,56,2.66
88,186,63,15.48
88,53,113,5.26
88,250,149,2.68
88,154,129,23.75
88,213,6,22.13
88,226,79,20.44
88,262,100,16.71
88,267,136,5.78
88,230,145,3.69
89,63,146,20.04
89,10,20,17.98
89,298,91,13.78
89,49,170,5.36
89,229,91,6.02
89,16,112,6.73
89,41,77,20.23
89,36,77,22.47
89,261,109,5.36
90,254,87,12.74
90,8,155,20.69
90,101,168,7.75
90,129,178,14.52
91,258,75,10.23
91,34,18,22.91
91,252,47,6.4
91,192,190,5.56
91,126,118,16.1
92,155,65,6.17
92,259,126,10.6
92,63,194,1.22
92,110,60,19.4
92,293,6,21.78
93,96,153,4.55
93,12,130,12.89
93,4,169,6.42
93,268,59,7.91
93,177,37,15.29
93,179,158,6.46
93,17,187,23.68
94,19,161,2.62
94,279,41,17.83
94,109,10,22.47
94,307,110,5.64
94,246,130,17.67
94,168,79,19.51
94,296,129,8.77
94,149,31,15.13
95,171,127,14.37
95,180,84,12.74
95,208,175,16.26
95,42,55,11.15
95,261,55,23.04
95,252,73,24.86
95,303,26,19.74
95,239,87,20.03
95,135,22,6.24
96,117,75,24.64
97,170,104,1.04
97,80,103,23.27
97,126,117,21.4
97,52,139,20.95
97,207,144,9.27
97,36,23,3.02
97,239,57,6.28
97,223,181,7.05
97,158,143,21.32
97,295,120,3.24
97,201,145,11.68
97,93,194,1.7
98,78,44,4.74
98,120,28,15.96
98,106,82,24.29
98,248,49,3.74
98,198,132,9.41
98,150,86,19.06
98,283,8,7.18
98,278,190,12.58
98,281,182,16.2
99,306,114,7.97
99,92,34,17.61
99,74,69,2.92
99,110,88,6.81
99,193,154,19.75
99,282,108,5.83
99,206,54,10.89
99,123,116,8.19
99,183,78,8.56
99,269,136,24.95
99,157,197,17.34
100,213,74,7.04
100,293,76,17.53
100,311,47,9.65
100,26,152,6.04
100,246,152,3.11
100,77,37,12.76
100,118,60,24.7
100,79,70,23.56
101,265,187,12.65
101,190,187,5.59
101,173,124,23.23
101,21,99,24.23
101,237,65,3.8
101,272,98,1.36
102,142,146,17.51
102,202,66,4.94
102,61,113,11.25
103,165,158,10.44
103,224,82,13.21
103,273,185,9.7
104,48,161,4.86
104,165,90,4.31
104,117,15,12.86
104,202,74,4.4
104,260,87,10.68
104,159,18,3.09
104,265,31,20.93
104,34,14,13.79
104,214,153,3.42
104,194,8,18.13
105,18,11,2.31
105,173,32,9.22
105,73,41,20.07
105,69,138,1.47
105,88,52,12.88
105,23,167,15.29
105,141,97,10.29
105,241,135,10.58
105,100,133,4.37
106,92,66,7.62
106,79,155,22.03
106,206,105,2.81
106,51,175,9.39
106,144,168,14.56
106,101,60,24.71
106,193,19,4.67
106,96,40,18.73
106,140,61,21.74
107,237,21,14.52
107,225,199,24.27
107,114,199,14.88
107,38,104,14.51
107,274,114,4.73
107,244,108,23.27
107,209,70,10.44
107,241,188,5.53
108,75,23,4.06
108,132,130,16.89
108,103,156,17.28
108,260,59,7.47
108,152,64,13.51
109,67,169,7.3
109,310,56,5.71
109,2,8,3.97
109,272,166,2.7
109,282,135,6.61
109,83,142,2.71
109,219,105,11.24
109,76,177,21.65
109,32,86,5.26
110,13,96,10.54
110,20,19,4.16
110,4,128,15.09
110,266,74,8.85
110,309,196,24.85
110,189,44,22.02
111,95,128,1.37
111,167,113,12.95
111,118,44,22.5
111,246,121,7.24
111,255,67,20.87
111,175,6,24.21
112,101,102,11.49
112,238,172,13.13
112,190,134,19.19
112,308,39,3.33
112,284,102,20.74
112,91,104,1.93
112,113,152,20.68
113,304,157,24.27
113,294,165,7.47
113,34,40,14.32
113,106,84,22.17
113,150,104,4.47
113,228,40,5.81
113,31,186,13.85
114,170,128,20.13
114,238,114,18.56
114,101,129,17.28
114,246,42,11.23
114,67,191,1.83
115,83,129,13.25
115,222,143,5
115,278,188,2.54
115,126,126,1.85
115,92,41,4.27
115,237,145,8.95
116,78,84,7.43
116,126,105,9.66
116,191,67,7.81
116,220,134,21.27
116,29,10,10.92
117,265,136,7.77
117,244,86,20.32
117,150,164,14.98
117,280,40,4.21
117,194,167,16.66
117,192,100,11.39
117,170,192,20.23
117,299,84,19.48
117,209,30,19.81
118,154,140,23.79
118,148,69,5.81
118,17,15,3.45
118,173,84,10.13
118,111,182,9.79
118,184,171,17.69
118,303,55,11.07
118,101,88,7.23
118,178,15,20.05
118,106,90,2.47
118,258,20,21.68
118,74,7,15.65
119,134,174,24.01
119,96,9,14.29
119,266,58,10.8
119,62,65,18.22
119,230,96,13.43
119,22,67,23.35
119,147,8,24.84
120,285,44,4.01
120,73,15,23.91
120,99,27,2.74
121,14,44,7.29
121,232,80,10.97
121,234,121,22
121,208,101,8.37
121,61,33,19.26
121,6,18,4.22
121,34,195,17.86
122,250,89,23.4
122,77,132,3.54
122,305,159,15.37
122,94,171,4.66
122,234,193,6.56
122,21,29,16.48
122,151,118,2.66
123,156,180,11.78
123,195,59,16.14
123,8,104,18.75
123,255,183,21.54
123,224,58,19.33
123,281,68,11.43
123,101,43,7.29
123,102,134,17.57
123,74,104,2.6
124,169,168,8.35
124,224,84,6.54
124,148,191,4.31
124,236,56,2.94
124,211,78,5.86
125,84,61,21.64
125,259,96,13.58
125,212,105,7.19
125,92,142,24.52
125,276,87,16
125,106,140,15.47
126,115,167,24.84
126,54,134,22.41
126,65,169,19.19
126,17,20,18.79
126,87,87,23.97
126,40,45,19.63
126,234,11,2.43
126,282,142,6.87
126,129,150,5.37
126,263,12,7.01
127,111,6,8.96
127,254,97,20.31
127,122,30,11.41
127,38,171,16.05
127,139,77,13
127,278,102,24.69
127,251,68,12.95
127,98,56,20.03
127,288,170,9.73
127,186,172,20.55
127,108,159,14.83
128,266,181,16.88
128,120,189,11.98
128,211,27,15.22
128,151,119,7.33
128,46,157,24.46
128,170,56,24.32
129,237,69,4.54
129,297,176,16.27
129,86,50,10.77
129,230,30,24.25
129,227,19,2.86
129,193,97,15.85
129,54,117,18.8
129,17,169,8.1
130,264,64,2.8
130,106,173,8.33
130,222,173,15.2
130,118,70,7.1
130,249,101,4.04
130,92,13,24.17
130,27,192,14.97
130,50,56,7.1
130,32,158,13.01
130,66,5,6.35
130,152,199,18.2
131,97,125,11.73
131,250,85,8.85
131,59,74,5.95
131,70,181,19.91
132,291,125,11.71
132,137,144,12.13
132,264,24,24.76
132,150,132,15.08
132,66,179,17.74
132,271,9,4.18
132,86,50,12.49
132,53,11,5.48
132,68,175,21.39
132,221,156,9.55
132,44,47,16.24
133,12,70,15.34
133,279,86,16
133,13,72,11.18
133,263,49,12.7
134,169,67,9.78
134,104,58,1.79
134,227,18,7.04
134,251,91,16.77
134,206,128,9.61
134,306,95,11.16
134,77,61,10.97
134,139,141,8.1
135,208,147,23.48
135,192,137,13.27
135,54,56,5.18
135,214,78,13.77
135,140,69,24.57
135,196,148,11.94
135,289,74,6.82
135,153,26,16.56
135,211,48,21.25
136,14,40,3.94
136,270,35,11.29
136,295,51,24.96
136,287,88,22.65
136,222,157,17.07
136,182,198,9.52
136,92,173,24.28
137,235,157,5.02
137,216,75,1.74
137,8,128,13.81
137,99,84,21.95
137,181,178,5.62
138,186,20,7.23
138,7,140,9.74
138,184,162,16.36
138,204,199,14.82
138,114,136,9.58
138,290,105,15.66
138,261,92,4.98
138,293,6,7.63
139,153,153,17.09
139,191,143,24.15
139,141,31,19.17
139,299,88,3.93
139,7,54,14.38
140,306,8,14.36
140,60,102,6.55
140,40,33,5.2
140,80,62,12.16
140,203,52,6.58
141,310,94,18.38
141,258,124,3.15
141,73,15,17.87
141,163,69,13.22
141,297,6,8.15
141,7,77,22.28
141,209,96,5.52
142,26,57,13.54
142,229,35,7.43
142,224,25,14.35
142,61,50,11.34
142,64,118,18.42
142,133,142,18.67
142,89,6,7.71
142,118,104,19.81
142,251,125,22.55
142,9,13,15.54
143,209,195,4.37
143,72,103,11.63
143,69,112,13.9
143,193,18,7.18
143,131,32,8.37
144,166,8,20.45
144,21,41,8.54
144,245,146,16.01
144,121,79,9.47
144,161,113,7.9
145,215,56,19.25
145,227,103,2.67
145,189,123,10.71
145,83,81,15.11
145,310,19,23.11
145,18,119,19.26
145,124,108,6.54
146,107,192,24.92
146,197,26,13.78
146,285,138,16.45
146,85,133,11.01
146,238,105,1.28
146,71,83,24.15
147,134,135,12.31
147,295,16,17.1
147,159,50,6.63
147,273,124,9.73
147,203,88,14.25
147,286,59,11.3
147,291,65,11.03
147,110,42,20.62
148,117,33,24.67
148,161,96,4.4
148,5,102,4.82
148,192,77,10.73
148,95,114,20.69
148,15,9,20.8
148,112,17,22.84
148,103,81,13.56
149,19,111,24.63
149,117,9,19.03
149,9,159,3.32
149,108,10,13.31
149,289,30,8.73
149,232,30,17.64
149,46,7,13.7
150,298,78,12.19
150,156,172,24.3
150,237,194,21.48
150,4,182,12.86
150,261,133,24.51
150,141,156,13.62
150,236,126,12
150,10,136,15.18
151,250,30,1.24
151,205,70,8.03
151,303,122,1.43
151,106,195,19.34
151,9,99,23.86
152,130,162,21.63
152,212,150,16.88
152,4,36,6.92
152,138,11,10.84
152,181,8,19.56
153,297,151,17.94
153,214,170,24.84
153,145,174,13.2
153,70,155,9.83
153,18,70,2
153,52,115,10.8
153,307,94,5.15
154,200,146,15.91
154,74,81,11.37
154,245,64,12.82
155,247,71,17.91
155,189,23,21.31
155,14,137,14.38
155,149,67,23.29
155,29,169,12.73
155,227,139,8.99
155,132,64,24.79
155,301,92,11.06
155,220,185,10.86
155,164,70,14.24
155,224,126,15.41
155,283,87,9.72
156,271,149,22.3
156,33,83,12.45
156,149,20,7.82
156,13,128,14.53
156,85,135,19.39
156,278,99,8.92
156,44,11,10.09
156,200,66,17.23
157,47,195,14.36
157,167,102,23.46
157,218,65,5.57
157,102,169,5.93
157,187,187,19.21
157,259,22,3.71
157,89,73,22.58
158,273,44,3.93
158,74,67,20.82
158,303,166,2.37
158,153,5,9.89
158,79,70,3.23
158,109,192,7.25
158,184,6,3.32
158,84,160,14.8
158,141,90,1.38
159,160,115,10.93
159,292,182,2.93
159,43,28,10.53
159,303,191,10.54
159,203,87,22.96
159,244,50,2.41
159,170,44,21.91
159,76,152,12.24
159,304,39,15.73
160,53,124,21.79
160,1,122,22.13
160,255,134,13.31
161,186,99,10.11
161,298,196,21.14
161,92,180,13.5
161,255,103,9.52
161,218,164,1.49
161,93,26,2.95
161,129,7,11.93
161,193,32,15.82
162,64,192,1.87
163,182,20,4.67
163,7,171,8.6
163,38,74,18.64
163,246,103,7.76
163,5,135,8.89
163,265,72,8.16
164,95,12,4.65
164,50,157,17.88
164,73,32,21.93
164,252,78,16.67
164,28,5,17.81
164,43,128,20.39
164,6,58,18.73
164,190,198,3.77
164,309,68,8.85
165,194,79,6.49
165,98,11,5.36
165,215,86,24.75
165,138,110,7.12
165,172,46,3.61
166,302,175,17
166,58,144,23.88
166,267,95,5.59
166,261,123,12.04
166,12,147,22.5
166,147,49,19.01
167,223,62,12.68
167,147,198,11.73
167,217,139,22.69
167,172,196,6.41
167,246,142,13.69
167,110,97,3.81
167,224,108,9.84
167,275,80,20.18
167,257,119,10.16
167,218,27,17
167,208,57,6.21
167,47,116,12.3
168,185,164,24.18
168,150,154,24.91
168,129,27,3.8
168,97,23,1.8
168,284,133,1.79
168,166,92,8.14
168,177,79,24.25
169,167,132,19.74
169,213,82,8.76
169,16,153,22.29
169,201,34,6.73
170,202,29,12.36
170,12,123,3.38
170,240,61,23.28
170,111,131,24.03
170,93,42,6.75
170,228,171,5.17
170,138,174,8.1
170,61,17,11.82
171,224,162,5.51
171,100,36,10.71
171,253,103,20.35
172,112,93,7.99
172,56,77,9.5
172,11,122,11.73
172,111,68,14.21
173,285,39,21.43
173,5,101,23.11
173,282,74,22.23
173,169,46,17.56
173,127,150,21.6
173,211,79,9.74
173,205,82,17.69
173,213,110,21.55
174,186,90,24.32
174,94,120,11.83
174,307,46,16.01
174,263,114,7.64
174,73,93,9.73
174,58,89,1.17
174,9,169,8.99
175,292,82,6.52
175,143,113,14.85
175,262,93,2.18
175,303,138,22.58
176,249,148,14.94
176,67,175,11.95
176,172,154,16.9
176,87,50,13.6
176,181,183,20.07
176,16,75,3.34
177,142,144,18.83
177,85,196,1.03
177,270,88,6.71
177,126,57,12.15
177,197,136,10.73
177,68,172,18.09
177,10,121,23.96
177,159,35,15.22
177,299,128,9.8
177,57,159,17.95
178,133,148,24.94
178,113,25,1.2
178,236,110,6.95
178,241,185,23.76
178,5,34,2.1
179,176,186,1.15
179,222,60,22.51
179,122,113,19.13
179,195,30,10.28
179,112,104,23.01
179,82,182,23.21
180,7,38,21.57
180,246,129,14.26
180,220,16,12.62
180,10,90,6.98
181,235,104,12.51
181,278,174,23.45
181,205,191,17.76
181,38,8,6.71
182,283,198,8.48
182,110,34,13.14
182,23,143,12.31
182,303,130,21.63
183,184,142,4.9
183,167,81,10.04
183,269,178,10.99
183,241,128,1.23
184,179,116,22.45
184,146,64,19.81
184,134,47,6.92
184,28,70,4.91
184,229,85,13.95
184,284,87,24.3
185,83,189,5.09
185,4,110,5.64
185,305,155,11.43
185,158,68,24.36
185,52,142,14.82
185,166,54,2.92
185,295,168,16.75
185,156,180,19.71
185,124,198,8.59
186,244,142,13.96
186,241,151,13.31
186,139,81,11.35
186,198,25,18.72
187,110,157,22.06
187,285,196,14.19
187,25,63,24.16
187,17,186,5.65
187,208,116,1.55
187,81,126,20.71
187,37,101,5.29
188,127,161,16.57
188,266,126,3.24
188,272,14,12.37
188,41,34,1.36
188,248,138,12.74
188,50,103,23.47
188,63,123,15.44
188,242,16,23.75
189,79,39,2.98
189,29,141,4.56
189,206,146,20.56
189,32,138,11.65
189,260,104,9.18
189,51,151,7.73
190,275,64,12.16
190,137,148,21.75
190,199,71,7.98
190,98,40,5.66
190,269,126,22.38
190,293,15,5.56
191,233,196,18.8
191,170,177,7.8
191,23,159,1.67
191,294,21,9.16
191,206,173,13.85
191,119,144,13.86
191,193,71,8.18
191,211,5,1.25
192,271,38,18.4
192,221,121,3.66
192,4,154,17.71
192,198,25,17.89
192,91,144,4.23
192,36,60,17.21
193,45,175,17.67
193,191,19,13.55
193,227,163,17.75
193,302,100,9.35
193,270,95,15.43
193,286,106,7.67
193,1,172,5.54
194,136,179,6.56
194,176,182,14.08
194,172,11,2.57
194,16,133,20.54
194,186,143,20.7
195,34,171,21.91
195,284,6,11.81
195,175,127,19.14
195,35,101,8.1
195,16,112,22.83
196,13,129,1.89
196,3,99,23.11
196,19,169,17.34
196,229,144,6.69
196,227,76,23.3
196,127,90,6.41
196,63,185,13.05
197,42,106,1.45
197,241,107,18.17
197,216,101,21.75
198,23,155,19.21
198,107,191,18.56
198,195,189,4.48
198,177,10,8.88
198,201,14,7.33
199,256,139,2.82
199,103,75,5.32
199,288,98,19.14
199,93,185,19.24
199,53,94,22.73
199,236,124,10.38
199,193,76,6.51
200,103,146,22.19
200,178,127,12.05
200,201,196,13.58
200,85,105,1.67
200,169,88,24.57
200,76,114,5.25
200,39,198,7.48
200,12,51,7.52
200,62,126,2.04
200,246,14,14.76
201,220,38,5.31
201,281,144,15.02
201,299,62,3.86
201,83,113,13.29
201,117,197,18.79
201,103,51,10.18
202,113,192,19.8
202,12,137,21.59
202,87,29,8.63
202,17,79,15.56
202,130,27,2.93
202,309,15,5.19
202,135,163,18.83
203,283,138,5.65
203,309,17,7.24
203,39,162,20.29
203,287,44,12.68
203,261,107,4.81
203,137,130,10.81
203,271,84,14.87
203,202,168,3.84
203,227,99,8.15
203,121,171,12.13
204,214,111,24.24
204,162,54,3.62
204,94,34,17.03
204,159,116,8.26
204,93,48,20.25
204,70,138,16.31
204,247,94,4.79
204,127,95,17.45
204,120,192,17.51
204,28,81,14.71
205,87,89,2.87
205,256,71,13.21
205,180,21,18.32
205,151,37,12.43
205,52,59,9.3
205,70,170,5.47
205,193,30,5.68
206,228,11,13.99
206,52,161,16.55
206,65,9,11.11
206,142,101,18.08
206,236,93,23.43
206,279,114,23.54
207,162,180,1.88
207,207,119,19.52
207,160,102,14.42
207,105,116,24.41
207,309,123,4.68
207,175,124,14.44
207,152,156,20.5
207,33,179,15.14
208,205,188,2.15
208,128,13,4.88
208,286,158,7.17
209,132,119,15.26
209,30,15,11.67
209,150,70,14.18
209,44,199,16.75
209,226,13,17.19
210,33,177,15.48
210,250,167,24.14
210,295,193,21.71
210,220,139,11.22
210,196,83,18.83
210,79,90,6
211,171,132,16.88
211,4,146,6.11
211,247,46,14.99
211,13,57,3.59
211,225,146,12.52
211,82,37,16.19
211,27,15,21.74
212,11,193,12.7
212,224,175,24.81
212,19,57,12.81
212,159,25,3.21
212,295,64,18.32
212,10,123,9.93
212,220,21,23.38
212,132,49,24.58
213,80,13,6.91
213,29,101,5.66
213,253,18,5.07
213,66,47,2.74
213,190,74,23.78
213,119,118,11.23
213,44,143,17.68
213,70,108,8.69
214,12,121,6.76
214,275,168,22.41
214,125,57,24.05
214,164,196,8.23
214,303,111,9.27
214,213,155,13.42
214,284,167,1.23
214,23,144,11.56
215,235,141,21.19
215,194,117,19.55
215,106,196,6.51
215,155,154,18.65
215,287,28,19.85
215,192,191,14.8
215,47,16,17.52
215,265,193,2.06
216,8,181,14.84
216,96,67,18.12
216,111,45,24.57
216,139,180,18.68
216,80,14,13.02
216,113,24,16.87
217,276,40,3.89
217,14,30,13.17
217,227,119,23.77
217,9,80,13.54
217,230,98,11.99
217,129,16,8.77
218,67,137,7.45
218,8,20,7.31
218,309,68,7.59
219,83,110,15.23
219,116,162,12.78
219,272,125,18.95
219,146,189,9.13
219,92,78,7.64
220,69,27,4.83
220,38,117,8.3
220,49,183,4.33
220,301,119,10.78
220,297,129,22.64
221,139,74,22.22
222,183,17,24.29
223,7,30,3.02
223,55,80,15.76
223,150,25,3.19
223,13,52,9.43
223,229,111,18.04
223,92,103,7.7
223,173,110,15.54
224,175,102,11.52
224,196,193,23.78
224,47,161,12.11
224,268,81,9.93
224,64,72,15.37
224,86,71,24.44
224,57,189,5.79
225,14,96,23.74
225,105,40,12.86
225,283,83,6.45
225,239,15,22.15
225,296,124,20.26
225,275,30,21.09
225,171,177,22.65
225,285,192,2.24
226,77,152,15.7
226,246,46,18.32
226,106,52,24.07
226,285,51,6.48
226,249,84,4.72
227,214,116,6.45
227,179,7,5.3
227,54,192,1.48
227,117,47,8.94
227,67,88,3.52
227,57,178,4.45
227,217,8,9.31
227,27,47,18.75
227,74,196,15.87
227,7,6,1.03
227,188,107,15.57
228,96,150,24.13
228,2,93,20.1
228,8,162,12.58
228,258,72,13.74
228,126,66,8.25
228,62,21,6.66
229,52,65,12.39
229,78,44,20.78
229,51,111,14.02
229,101,55,9.8
229,153,34,6.02
229,265,117,24.9
230,197,9,24.99
230,296,38,16.78
230,76,36,3.83
230,280,179,3.46
230,107,119,10.85
230,155,26,23.93
231,175,43,8.43
231,195,142,16.88
231,88,58,16.78
231,234,132,1.48
231,82,69,8.72
231,249,99,3.81
231,239,75,23.04
232,22,167,15.64
232,238,49,13.63
232,97,56,4.25
232,24,89,13.54
232,303,41,15.97
232,260,124,9.49
233,17,132,21.55
233,248,8,14.71
233,214,200,21.84
233,29,112,21.3
233,229,5,12.2
233,304,196,4.18
233,291,85,17.72
233,261,95,7.27
233,169,71,19.56
234,17,34,4.18
234,132,152,4.11
234,283,188,5.51
234,139,183,10.32
234,122,186,13.24
234,303,171,3.52
234,217,27,6.38
234,259,42,1.84
234,266,146,13.24
234,25,180,12.83
234,135,138,15
234,201,139,16.9
234,191,130,15.4
235,125,186,18.45
235,311,138,6.32
235,207,107,1.38
235,59,182,6.51
235,179,173,13.83
235,130,140,19.94
235,229,31,15.02
235,98,86,5.15
235,256,82,20.99
235,237,76,7.19
235,267,156,15.55
236,179,44,8.85
236,194,47,17.18
236,128,11,12.87
236,283,94,1.12
237,274,131,5.56
237,179,121,18.82
237,289,178,1.22
237,256,50,11.43
237,69,58,12.76
237,213,131,3.91
238,14,180,5.14
238,310,137,19.29
238,291,195,3.99
238,3,179,17.83
238,152,55,16.12
238,33,160,17.06
238,151,11,2.7
238,201,146,13.14
238,169,53,1.78
239,3,36,23.7
239,205,174,15.87
239,4,13,23.95
239,292,120,4.83
239,255,41,9.66
240,68,93,12.87
240,82,33,19.58
240,304,31,18.49
240,13,113,8.53
241,134,50,17.69
241,35,53,16.37
241,63,61,24.07
241,17,195,16.13
241,170,88,2.48
241,80,53,17.98
242,211,19,1.59
242,68,16,9.02
242,139,133,9.73
242,157,175,21.67
242,1,176,13.85
243,31,61,19.69
243,12,135,4.5
243,78,83,20.61
243,171,49,1.33
243,184,20,24.76
243,309,49,11.18
243,94,146,8.91
243,264,71,16.73
243,245,42,7.08
243,289,26,6.7
243,254,123,13.09
243,102,197,8.34
244,4,7,12.4
244,273,134,21.28
244,13,105,18.43
244,182,120,4.93
244,171,77,20.99
244,198,112,2.06
244,258,181,11.55
244,14,34,10.74
244,192,199,10.03
245,266,145,21.56
245,116,80,4.6
245,138,61,16.17
245,262,136,16.96
246,283,149,24.18
246,159,123,23.42
246,84,80,23.8
246,264,105,4.08
246,66,43,13.18
246,269,131,17.82
246,48,190,6.81
246,33,129,11.76
247,229,132,6.62
247,75,192,8.09
247,180,166,12.72
247,207,26,5.92
247,166,112,14.66
247,148,130,19.53
247,200,108,1.98
248,262,183,22.58
248,2,137,23.04
248,149,78,21.29
248,48,162,21.78
249,165,114,24.93
249,60,43,16.88
249,253,13,19.99
249,221,151,10.77
249,124,92,5.78
249,297,15,13.07
249,97,183,1.5
250,124,166,20.26
250,260,142,5.31
250,183,116,23.66
251,288,135,5.08
251,22,165,24.43
251,229,160,2.44
251,130,102,19.99
251,46,14,20.84
251,178,24,18.06
251,175,171,3.4
251,49,31,4.52
251,266,125,15.89
251,296,170,24.59
251,187,177,13.67
251,192,113,3.58
252,201,143,11.42
252,266,135,10.27
252,247,106,15.48
252,21,38,8.19
252,36,189,23.26
252,221,150,19.08
252,262,59,14.51
252,271,43,4.01
253,158,161,11.85
253,24,64,16.39
253,205,46,21.17
253,143,110,24.43
253,137,174,21.3
254,4,112,19.91
254,65,148,14.37
254,216,107,10.27
255,59,130,9.25
255,78,149,1.15
255,186,127,21.15
255,272,40,18.45
255,296,199,11.57
256,208,96,4.68
256,153,89,20.11
257,56,146,16.27
257,155,101,7.12
257,263,87,2.9
257,309,79,19.05
257,249,87,10.6
257,62,5,9.71
257,84,188,13.41
257,116,91,3.94
257,225,185,7.93
258,195,158,19.97
258,80,74,17.41
258,173,183,24.29
258,183,150,1.96
258,261,65,4.39
258,92,80,16.33
258,139,131,23.12
258,1,199,10.65
259,60,112,11.62
259,184,137,24.08
259,187,129,3.47
259,155,8,22.7
259,253,67,6.26
259,25,115,24.55
259,106,20,20.52
260,207,42,1.38
260,23,77,21.7
260,80,28,13.18
260,276,76,22.8
260,249,175,19.17
260,292,19,24.83
261,90,133,21.1
261,132,31,17.24
261,133,122,20.69
261,235,88,21.97
261,286,37,10.62
262,240,110,2.07
262,176,24,2.39
262,149,38,17.49
262,20,95,7.47
262,286,164,20.12
263,237,54,18.89
263,16,188,2.67
263,286,9,20.87
263,215,55,13.34
263,47,72,14.58
264,29,50,18.17
264,292,174,8.63
264,259,89,3.58
265,27,184,18.67
265,103,43,12.68
265,172,145,13.56
265,178,28,9.98
265,213,69,24.96
265,183,36,9.61
265,16,107,5.01
266,222,190,18.63
266,153,133,23.61
266,144,86,3.48
266,130,45,6.38
266,260,190,8.01
266,45,73,4.18
266,111,173,9.99
266,82,155,1.43
267,12,11,16.1
267,288,57,16.76
267,177,25,15.22
267,134,41,8.44
267,139,185,1.58
267,10,97,20.23
268,282,69,18.8
268,221,43,22.63
268,130,155,7.95
268,187,178,22.54
268,110,6,13.43
268,31,28,6.07
268,53,7,15.25
269,128,39,1.02
269,207,77,12.6
269,154,5,23.85
269,21,191,4.53
269,159,79,4.56
269,260,159,8.04
269,16,55,5.17
269,75,46,2.5
269,106,158,9.54
270,22,136,19.01
270,135,186,18.69
270,91,139,21.62
270,310,32,2.3
271,95,23,1.76
271,78,61,12.31
271,24,71,6.6
271,143,83,24.25
271,265,136,17.07
272,81,107,9.39
272,174,192,21.61
272,188,175,15.01
272,242,108,1.48
272,223,180,15.98
273,113,123,12.6
273,244,188,8.71
273,76,14,23.22
273,163,162,5.07
273,42,122,3.74
273,237,153,24.51
273,202,135,16.97
273,40,121,17.02
273,215,147,23.97
273,216,36,22.78
273,245,132,18.5
273,95,118,17.06
274,51,98,11.8
274,101,40,20.16
274,216,115,2.92
274,24,97,5.75
274,56,118,15.96
274,42,26,14.23
274,263,71,7.46
275,236,31,14.43
275,225,185,4.24
275,89,142,22.39
275,81,144,2.32
275,26,53,8.73
276,96,32,16.5
276,251,61,11.9
276,83,160,4.43
276,51,158,9.77
276,286,187,1.78
276,34,99,3.38
276,107,154,21.6
277,127,63,20.43
278,296,115,19.92
278,130,120,19.67
278,214,138,20.12
279,15,112,20.7
279,34,110,5.76
279,77,50,10.27
279,184,36,20.74
279,297,179,3.15
280,50,146,14.81
280,31,97,1.74
280,254,90,7.3
280,214,180,9
280,224,82,10.37
281,175,60,6.45
281,285,141,4.55
282,258,5,22.83
282,65,58,8.52
282,219,185,8.6
282,308,146,5.98
282,113,110,15.27
282,201,76,6.07
282,250,189,9.42
282,153,138,10.88
283,107,76,11.02
283,133,147,11.51
283,179,70,15.14
283,311,84,14.85
283,244,129,12.33
283,20,38,21.13
284,35,20,19.02
284,200,89,22.09
284,215,88,9.8
284,28,31,17.59
284,131,20,13.78
284,187,162,14.48
284,169,195,5.68
284,241,158,9.66
284,63,47,5.23
284,51,79,15.53
284,224,87,17.43
284,257,104,18.27
285,290,111,12.23
285,118,56,15.34
285,68,198,23.62
285,11,189,19.77
285,150,78,13.16
285,103,70,10.34
286,176,79,4.75
286,7,136,15.74
286,217,109,18.61
286,172,186,2.41
287,98,95,12.57
287,49,70,11.44
287,9,35,24.13
288,287,171,8.92
288,268,197,1.14
288,221,6,8.16
288,194,11,18.43
288,113,199,13.1
289,222,8,11.53
289,148,192,4.46
289,115,142,6.15
289,6,124,22.28
289,131,151,3.64
289,32,88,23.4
289,58,42,7.27
289,226,6,4.12
289,145,92,11.32
289,169,189,7.73
289,199,19,8.61
290,271,169,21.27
290,16,41,7.8
290,242,143,16.67
290,227,27,19.02
290,277,11,3.52
291,119,9,18.97
291,187,165,1.66
291,139,22,22.26
291,297,45,10.18
291,77,27,2.59
291,261,117,3.1
292,149,151,14.74
292,97,19,17.01
292,80,101,15.65
292,193,180,6.16
292,290,34,21.8
292,27,55,2.73
293,225,73,2.51
293,37,40,8.28
293,5,89,18.84
293,23,84,9.28
293,71,145,2.44
293,138,17,9.47
293,191,123,18.82
293,27,83,23.43
293,233,123,17.73
294,26,136,12.18
294,271,190,1.66
295,130,62,22.94
295,263,92,18.42
295,278,76,4.85
295,64,142,1.7
295,37,134,4.68
295,262,68,8.88
296,113,99,22.64
296,255,31,20.65
296,48,45,15.05
297,304,111,21.2
297,30,17,4.59
297,300,66,19.61
297,127,171,4.45
297,166,15,11.39
297,101,68,19.42
297,148,34,23.89
298,247,12,9.03
298,32,72,2.27
298,65,6,23.57
298,191,94,2.7
298,259,98,21.96
298,218,168,10.65
299,235,136,12.54
299,32,69,3.67
299,137,158,13.78
299,31,127,3.32
299,115,67,10.01
299,279,49,1.59
299,92,45,15.84
299,8,24,21.53
299,241,107,5.37
299,208,171,14.72
299,248,64,7.18
299,254,129,13.41
299,283,117,16.67
299,22,69,24.59
300,148,112,21.49
300,91,144,12.88
300,118,39,1.88
300,78,173,15.24
300,291,184,5.69
300,221,116,10.88
300,10,139,12.93
